,Survived,Sex,Age,SibSp,Parch,Fare,Age_missing,Letter_missing,Pclass_1,Pclass_2,Pclass_3,Embarked_0,Embarked_1,Embarked_2,Titles_0,Titles_1,Titles_2,Titles_3,Titles_4,Prefix_0,Prefix_1,Prefix_2,Prefix_3,Prefix_4,Prefix_5,Prefix_6,Letter_0,Letter_1,Letter_2,Letter_3,Letter_4,Letter_5,Letter_6
0,0,0,0.2711736617240513,1,0,0.7601402515608131,0,1,0,0,1,1,0,0,1,0,0,0,0,0,0,1,0,0,0,0,0,0,1,0,0,0,0
1,1,1,0.4722292033174164,1,0,0.888896062956292,0,0,1,0,0,0,1,0,0,0,1,0,0,1,0,0,0,0,0,0,0,0,1,0,0,0,0
2,1,1,0.32143754712239253,0,0,0.76515496937484,0,1,0,0,1,1,0,0,0,1,0,0,0,0,0,0,0,0,0,1,0,0,1,0,0,0,0
3,1,1,0.43453128926866047,1,0,0.8723071220343462,0,0,1,0,0,1,0,0,0,0,1,0,0,0,0,0,0,0,0,1,0,0,1,0,0,0,0
4,0,0,0.43453128926866047,0,0,0.7660365515354954,0,1,0,0,1,1,0,0,1,0,0,0,0,0,0,0,0,0,0,1,0,0,1,0,0,0,0
5,0,0,0.36792055349407915,0,0,0.7688236377781461,1,1,0,0,1,0,0,1,1,0,0,0,0,0,0,0,0,0,0,1,0,0,1,0,0,0,0
6,0,0,0.6732847449107816,0,0,0.8709787601370682,0,0,1,0,0,1,0,0,1,0,0,0,0,0,0,0,0,0,0,1,0,0,0,0,1,0,0
7,0,0,0.01985423473234481,3,1,0.8202513134020586,0,1,0,0,1,1,0,0,0,0,0,1,0,0,0,0,0,0,0,1,0,0,1,0,0,0,0
8,1,1,0.33400351847197784,0,2,0.7843032335272434,0,1,0,0,1,1,0,0,0,0,1,0,0,0,0,0,0,0,0,1,0,0,1,0,0,0,0
9,1,1,0.17064589092736868,1,0,0.8402754853577196,0,1,0,1,0,0,1,0,0,0,1,0,0,0,0,0,0,0,0,1,0,0,1,0,0,0,0
10,1,1,0.04498617743151546,1,1,0.8071440542584348,0,0,0,0,1,1,0,0,0,1,0,0,0,0,0,0,0,0,0,1,0,0,0,0,0,0,1
11,1,1,0.7235486303091229,0,0,0.8332607511911245,0,0,1,0,0,1,0,0,0,1,0,0,0,0,0,0,0,0,0,1,0,0,1,0,0,0,0
12,0,0,0.24604171902488062,0,0,0.7660365515354954,0,1,0,0,1,1,0,0,1,0,0,0,0,0,0,1,0,0,0,0,0,0,1,0,0,0,0
13,0,0,0.4847951746670017,1,5,0.8424873307421354,0,1,0,0,1,1,0,0,1,0,0,0,0,0,0,0,0,0,0,1,0,0,1,0,0,0,0
14,0,1,0.17064589092736868,0,0,0.7646494521384078,0,1,0,0,1,1,0,0,0,1,0,0,0,0,0,0,0,0,0,1,0,0,1,0,0,0,0
15,1,1,0.6858507162603669,0,0,0.8047319187585811,0,1,0,1,0,1,0,0,0,0,1,0,0,0,0,0,0,0,0,1,0,0,1,0,0,0,0
16,0,0,0.01985423473234481,4,1,0.8384752447421474,0,1,0,0,1,0,0,1,0,0,0,1,0,0,0,0,0,0,0,1,0,0,1,0,0,0,0
17,1,0,0.36792055349407915,0,0,0.7930351818500888,1,1,0,1,0,1,0,0,1,0,0,0,0,0,0,0,0,0,0,1,0,0,1,0,0,0,0
18,0,1,0.38426740387031916,1,0,0.8113668712711662,0,1,0,0,1,1,0,0,0,0,1,0,0,0,0,0,0,0,0,1,0,0,1,0,0,0,0
19,1,1,0.36792055349407915,0,0,0.7599456677989367,1,1,0,0,1,0,1,0,0,0,1,0,0,0,0,0,0,0,0,1,0,0,1,0,0,0,0
20,0,0,0.43453128926866047,0,0,0.832081541635825,0,1,0,1,0,1,0,0,1,0,0,0,0,0,0,0,0,0,0,1,0,0,1,0,0,0,0
21,1,0,0.42196531791907516,0,0,0.7930351818500888,0,0,0,1,0,1,0,0,1,0,0,0,0,0,0,0,0,0,0,1,0,0,0,1,0,0,0
22,1,1,0.18321186227695402,0,0,0.7658908098032488,0,1,0,0,1,0,0,1,0,1,0,0,0,0,0,0,0,0,0,1,0,0,1,0,0,0,0
23,1,0,0.3465694898215632,0,0,0.8496253640206382,0,0,1,0,0,1,0,0,1,0,0,0,0,0,0,0,0,0,0,1,1,0,0,0,0,0,0
24,0,1,0.09525006282985675,3,1,0.8202513134020586,0,1,0,0,1,1,0,0,0,1,0,0,0,0,0,0,0,0,0,1,0,0,1,0,0,0,0
25,1,1,0.4722292033174164,1,5,0.8426896002697093,0,1,0,0,1,1,0,0,0,0,1,0,0,0,0,0,0,0,0,1,0,0,1,0,0,0,0
26,0,0,0.36792055349407915,0,0,0.7599456677989367,1,1,0,0,1,0,1,0,1,0,0,0,0,0,0,0,0,0,0,1,0,0,1,0,0,0,0
27,0,0,0.23347574767529528,3,2,0.9624370572021521,0,0,1,0,0,1,0,0,1,0,0,0,0,0,0,0,0,0,0,1,0,0,1,0,0,0,0
28,1,1,0.36792055349407915,0,0,0.7648284725557587,1,1,0,0,1,0,0,1,0,1,0,0,0,0,0,0,0,0,0,1,0,0,1,0,0,0,0
29,0,0,0.36792055349407915,0,0,0.7649470285882525,1,1,0,0,1,1,0,0,1,0,0,0,0,0,0,0,0,0,0,1,0,0,1,0,0,0,0
30,0,0,0.4973611460165871,0,0,0.83569166211709,0,1,1,0,0,0,1,0,0,0,0,0,1,1,0,0,0,0,0,0,0,0,1,0,0,0,0
31,1,1,0.36792055349407915,1,0,0.9294835796052062,1,0,1,0,0,0,1,0,0,0,1,0,0,1,0,0,0,0,0,0,0,1,0,0,0,0,0
32,1,1,0.36792055349407915,0,0,0.7638971064490874,1,1,0,0,1,0,0,1,0,1,0,0,0,0,0,0,0,0,0,1,0,0,1,0,0,0,0
33,0,0,0.8240764011058055,0,0,0.7810041314887518,0,1,0,1,0,1,0,0,1,0,0,0,0,0,1,0,0,0,0,0,0,0,1,0,0,0,0
34,0,0,0.3465694898215632,1,0,0.8969029787179998,0,1,1,0,0,0,1,0,1,0,0,0,0,1,0,0,0,0,0,0,0,0,1,0,0,0,0
35,0,0,0.5224930887157577,1,0,0.8711279122546327,0,1,1,0,0,1,0,0,1,0,0,0,0,0,0,0,0,0,0,1,0,0,1,0,0,0,0
36,1,0,0.36792055349407915,0,0,0.7599784048811697,1,1,0,0,1,0,1,0,1,0,0,0,0,0,0,0,0,0,0,1,0,0,1,0,0,0,0
37,0,0,0.2586076903744659,0,0,0.7660365515354954,0,1,0,0,1,1,0,0,1,0,0,0,0,0,0,1,0,0,0,0,0,0,1,0,0,0,0
38,0,1,0.22090977632570996,2,0,0.8113668712711662,0,1,0,0,1,1,0,0,0,1,0,0,0,0,0,0,0,0,0,1,0,0,1,0,0,0,0
39,1,1,0.17064589092736868,1,0,0.7848490599746852,0,1,0,0,1,0,1,0,0,1,0,0,0,0,0,0,0,0,0,1,0,0,1,0,0,0,0
40,0,1,0.4973611460165871,1,0,0.7752177962562402,0,1,0,0,1,1,0,0,0,0,1,0,0,0,0,0,0,0,0,1,0,0,1,0,0,0,0
41,0,1,0.33400351847197784,1,0,0.8200504861158846,0,1,0,1,0,1,0,0,0,0,1,0,0,0,0,0,0,0,0,1,0,0,1,0,0,0,0
42,0,0,0.36792055349407915,0,0,0.7649470285882525,1,1,0,0,1,0,1,0,1,0,0,0,0,0,0,0,0,0,0,1,0,0,1,0,0,0,0
43,1,1,0.032420206081930136,1,2,0.8585296147223325,0,1,0,1,0,0,1,0,0,1,0,0,0,0,0,0,0,0,0,1,0,0,1,0,0,0,0
44,1,1,0.23347574767529528,0,0,0.7648284725557587,0,1,0,0,1,0,0,1,0,1,0,0,0,0,0,0,0,0,0,1,0,0,1,0,0,0,0
45,0,0,0.36792055349407915,0,0,0.7660365515354954,1,1,0,0,1,1,0,0,1,0,0,0,0,0,0,0,0,0,0,1,0,0,1,0,0,0,0
46,0,0,0.36792055349407915,1,0,0.8029434515577688,1,1,0,0,1,0,0,1,1,0,0,0,0,0,0,0,0,0,0,1,0,0,1,0,0,0,0
47,1,1,0.36792055349407915,0,0,0.7638971064490874,1,1,0,0,1,0,0,1,0,1,0,0,0,0,0,0,0,0,0,1,0,0,1,0,0,0,0
48,0,0,0.36792055349407915,2,0,0.8218435806951202,1,1,0,0,1,0,1,0,1,0,0,0,0,0,0,0,0,0,0,1,0,0,1,0,0,0,0
49,0,1,0.22090977632570996,1,0,0.8107374570201504,0,1,0,0,1,1,0,0,0,0,1,0,0,0,0,0,0,0,0,1,0,0,1,0,0,0,0
50,0,0,0.08268409148027142,4,1,0.855906584353367,0,1,0,0,1,1,0,0,0,0,0,1,0,0,0,0,0,0,0,1,0,0,1,0,0,0,0
51,0,0,0.2586076903744659,0,0,0.764259371031546,0,1,0,0,1,1,0,0,1,0,0,0,0,0,0,0,0,0,0,1,0,0,1,0,0,0,0
52,1,1,0.610454888162855,1,0,0.8930432405082146,0,0,1,0,0,0,1,0,0,0,1,0,0,1,0,0,0,0,0,0,0,0,0,1,0,0,0
53,1,1,0.35913546117114853,1,0,0.832081541635825,0,1,0,1,0,1,0,0,0,0,1,0,0,0,0,0,0,0,0,1,0,0,1,0,0,0,0
54,0,0,0.8115104297562201,0,1,0.8810172855519669,0,0,1,0,0,0,1,0,1,0,0,0,0,0,0,0,0,0,0,1,0,1,0,0,0,0,0
55,1,0,0.36792055349407915,0,0,0.8496253640206382,1,0,1,0,0,1,0,0,1,0,0,0,0,0,0,0,0,0,0,1,0,0,1,0,0,0,0
56,1,1,0.2586076903744659,0,0,0.7810041314887518,0,1,0,1,0,1,0,0,0,1,0,0,0,0,1,0,0,0,0,0,0,0,1,0,0,0,0
57,0,0,0.35285247549635584,0,0,0.7599784048811697,0,1,0,0,1,0,1,0,1,0,0,0,0,0,0,0,0,0,0,1,0,0,1,0,0,0,0
58,1,1,0.05755214878110078,1,2,0.835750968799839,0,1,0,1,0,1,0,0,0,1,0,0,0,0,1,0,0,0,0,0,0,0,1,0,0,0,0
59,0,0,0.13294797687861273,5,2,0.8653129818151835,0,1,0,0,1,1,0,0,0,0,0,1,0,0,1,0,0,0,0,0,0,0,1,0,0,0,0
60,0,0,0.2711736617240513,0,0,0.7599784048811697,0,1,0,0,1,0,1,0,1,0,0,0,0,0,0,0,0,0,0,1,0,0,1,0,0,0,0
61,1,1,0.4722292033174164,0,0,0.895394780689403,0,0,1,0,0,1,0,0,0,1,0,0,0,0,0,0,0,0,0,1,0,1,0,0,0,0,0
62,0,0,0.5601910027645137,1,0,0.8977900489720356,0,0,1,0,0,1,0,0,1,0,0,0,0,0,0,0,0,0,0,1,0,0,1,0,0,0,0
63,0,0,0.04498617743151546,3,2,0.8360546460885896,0,1,0,0,1,1,0,0,0,0,0,1,0,0,0,0,0,0,0,1,0,0,1,0,0,0,0
64,0,0,0.36792055349407915,0,0,0.83569166211709,1,1,1,0,0,0,1,0,1,0,0,0,0,1,0,0,0,0,0,0,0,0,1,0,0,0,0
65,1,0,0.36792055349407915,1,1,0.8020119476329426,1,1,0,0,1,0,1,0,0,0,0,1,0,0,0,0,0,0,0,1,0,0,1,0,0,0,0
66,1,1,0.35913546117114853,0,0,0.7810041314887518,0,0,0,1,0,1,0,0,0,0,1,0,0,0,1,0,0,0,0,0,0,0,0,0,0,1,0
67,0,0,0.23347574767529528,0,0,0.7667893561019704,0,1,0,0,1,1,0,0,1,0,0,0,0,0,0,0,0,0,0,1,0,0,1,0,0,0,0
68,1,1,0.20834380497612465,4,2,0.76515496937484,0,1,0,0,1,1,0,0,0,1,0,0,0,0,0,0,0,0,0,1,0,0,1,0,0,0,0
69,0,0,0.32143754712239253,2,0,0.7701674453945859,0,1,0,0,1,1,0,0,1,0,0,0,0,0,0,0,0,0,0,1,0,0,1,0,0,0,0
70,0,0,0.39683337521990447,0,0,0.7810041314887518,0,1,0,1,0,1,0,0,1,0,0,0,0,0,1,0,0,0,0,0,0,0,1,0,0,0,0
71,0,1,0.19577783362653933,5,2,0.8653129818151835,0,1,0,0,1,1,0,0,0,1,0,0,0,0,1,0,0,0,0,0,0,0,1,0,0,0,0
72,0,0,0.2586076903744659,0,0,0.8906211366609432,0,1,0,1,0,1,0,0,1,0,0,0,0,0,0,0,0,0,0,1,0,0,1,0,0,0,0
73,0,0,0.32143754712239253,1,0,0.7990083811973341,0,1,0,0,1,0,1,0,1,0,0,0,0,0,0,0,0,0,0,1,0,0,1,0,0,0,0
74,1,0,0.39683337521990447,0,0,0.8757991079305424,0,1,0,0,1,1,0,0,1,0,0,0,0,0,0,0,0,0,0,1,0,0,1,0,0,0,0
75,0,0,0.3088715757728072,0,0,0.7631655124295784,0,0,0,0,1,1,0,0,1,0,0,0,0,0,0,0,0,0,0,1,0,0,0,0,0,1,0
76,0,0,0.36792055349407915,0,0,0.7649470285882525,1,1,0,0,1,1,0,0,1,0,0,0,0,0,0,0,0,0,0,1,0,0,1,0,0,0,0
77,0,0,0.36792055349407915,0,0,0.7660365515354954,1,1,0,0,1,1,0,0,1,0,0,0,0,0,0,0,0,0,0,1,0,0,1,0,0,0,0
78,1,0,0.005152048253329982,0,2,0.83823295619013,0,1,0,1,0,1,0,0,0,0,0,1,0,0,0,0,0,0,0,1,0,0,1,0,0,0,0
79,1,1,0.37170143252073384,0,0,0.7907130247849486,0,1,0,0,1,1,0,0,0,1,0,0,0,0,0,0,0,0,0,1,0,0,1,0,0,0,0
80,0,0,0.2711736617240513,0,0,0.7723205211148217,0,1,0,0,1,1,0,0,1,0,0,0,0,0,0,0,0,0,0,1,0,0,1,0,0,0,0
81,1,0,0.35913546117114853,0,0,0.7753662336583621,0,1,0,0,1,1,0,0,1,0,0,0,0,0,0,0,0,0,0,1,0,0,1,0,0,0,0
82,1,1,0.36792055349407915,0,0,0.7641690230593209,1,1,0,0,1,0,0,1,0,1,0,0,0,0,0,0,0,0,0,1,0,0,1,0,0,0,0
83,0,0,0.3465694898215632,0,0,0.8655526928530717,0,1,1,0,0,1,0,0,1,0,0,0,0,0,0,0,0,0,0,1,0,0,1,0,0,0,0
84,1,1,0.20834380497612465,0,0,0.7810041314887518,0,1,0,1,0,1,0,0,0,1,0,0,0,0,0,0,0,0,0,1,0,0,1,0,0,0,0
85,1,1,0.4093993465694898,3,0,0.804201315286052,0,1,0,0,1,1,0,0,0,0,1,0,0,0,0,0,0,0,0,1,0,0,1,0,0,0,0
86,0,0,0.19577783362653933,1,3,0.8478112965570442,0,1,0,0,1,1,0,0,1,0,0,0,0,0,0,0,0,0,1,0,0,0,1,0,0,0,0
87,0,0,0.36792055349407915,0,0,0.7660365515354954,1,1,0,0,1,1,0,0,1,0,0,0,0,0,0,0,1,0,0,0,0,0,1,0,0,0,0
88,1,1,0.2837396330736366,3,2,0.9624370572021521,0,0,1,0,0,1,0,0,0,1,0,0,0,0,0,0,0,0,0,1,0,0,1,0,0,0,0
89,0,0,0.2963056044232219,0,0,0.7660365515354954,0,1,0,0,1,1,0,0,1,0,0,0,0,0,0,0,0,0,0,1,0,0,1,0,0,0,0
90,0,0,0.35913546117114853,0,0,0.7660365515354954,0,1,0,0,1,1,0,0,1,0,0,0,0,0,0,0,0,0,0,1,0,0,1,0,0,0,0
91,0,0,0.24604171902488062,0,0,0.7646494521384078,0,1,0,0,1,1,0,0,1,0,0,0,0,0,0,0,0,0,0,1,0,0,1,0,0,0,0
92,0,0,0.572756974114099,1,0,0.8802815762092232,0,0,1,0,0,1,0,0,1,0,0,0,0,0,0,0,0,0,0,1,0,0,0,0,1,0,0
93,0,0,0.32143754712239253,1,2,0.8188987395685248,0,1,0,0,1,1,0,0,1,0,0,0,0,0,1,0,0,0,0,0,0,0,1,0,0,0,0
94,0,0,0.7361146016587082,0,0,0.7601402515608131,0,1,0,0,1,1,0,0,1,0,0,0,0,0,0,0,0,0,0,1,0,0,1,0,0,0,0
95,0,0,0.36792055349407915,0,0,0.7660365515354954,1,1,0,0,1,1,0,0,1,0,0,0,0,0,0,0,0,0,0,1,0,0,1,0,0,0,0
96,0,0,0.8869062578537321,0,0,0.8482669872340609,0,0,1,0,0,0,1,0,1,0,0,0,0,1,0,0,0,0,0,0,1,0,0,0,0,0,0
97,1,0,0.2837396330736366,0,1,0.8822569881627523,0,0,1,0,0,0,1,0,1,0,0,0,0,1,0,0,0,0,0,0,0,0,0,1,0,0,0
98,1,1,0.42196531791907516,0,1,0.8251751078931542,0,1,0,1,0,1,0,0,0,0,1,0,0,0,0,0,0,0,0,1,0,0,1,0,0,0,0
99,0,0,0.42196531791907516,1,0,0.832081541635825,0,1,0,1,0,1,0,0,1,0,0,0,0,0,0,0,0,0,0,1,0,0,1,0,0,0,0
100,0,1,0.3465694898215632,0,0,0.7649470285882525,0,1,0,0,1,1,0,0,0,1,0,0,0,0,0,0,0,0,0,1,0,0,1,0,0,0,0
101,0,0,0.36792055349407915,0,0,0.7649470285882525,1,1,0,0,1,1,0,0,1,0,0,0,0,0,0,0,0,0,0,1,0,0,1,0,0,0,0
102,0,0,0.2586076903744659,0,1,0.8934516416871827,0,0,1,0,0,1,0,0,1,0,0,0,0,0,0,0,0,0,0,1,0,0,0,1,0,0,0
103,0,0,0.4093993465694898,0,0,0.7701134448899694,0,1,0,0,1,1,0,0,1,0,0,0,0,0,0,0,0,0,0,1,0,0,1,0,0,0,0
104,0,0,0.4596632319678311,2,0,0.76515496937484,0,1,0,0,1,1,0,0,1,0,0,0,0,0,0,0,0,0,0,1,0,0,1,0,0,0,0
105,0,0,0.3465694898215632,0,0,0.7649470285882525,0,1,0,0,1,1,0,0,1,0,0,0,0,0,0,0,0,0,0,1,0,0,1,0,0,0,0
106,1,1,0.2586076903744659,0,0,0.7631655124295784,0,1,0,0,1,1,0,0,0,1,0,0,0,0,0,0,0,0,0,1,0,0,1,0,0,0,0
107,1,0,0.36792055349407915,0,0,0.7640785299499153,1,1,0,0,1,1,0,0,1,0,0,0,0,0,0,0,0,0,0,1,0,0,1,0,0,0,0
108,0,0,0.4722292033174164,0,0,0.7649470285882525,0,1,0,0,1,1,0,0,1,0,0,0,0,0,0,0,0,0,0,1,0,0,1,0,0,0,0
109,1,1,0.36792055349407915,1,0,0.8279235552738496,1,1,0,0,1,0,0,1,0,1,0,0,0,0,0,0,0,0,0,1,0,0,1,0,0,0,0
110,0,0,0.5853229454636844,0,0,0.8711279122546327,0,0,1,0,0,1,0,0,1,0,0,0,0,0,0,0,0,0,0,1,0,0,1,0,0,0,0
111,0,1,0.17692887660216136,1,0,0.7990083811973341,0,1,0,0,1,0,1,0,0,1,0,0,0,0,0,0,0,0,0,1,0,0,1,0,0,0,0
112,0,0,0.2711736617240513,0,0,0.7660365515354954,0,1,0,0,1,1,0,0,1,0,0,0,0,0,0,0,0,0,0,1,0,0,1,0,0,0,0
113,0,1,0.24604171902488062,1,0,0.7772611484470091,0,1,0,0,1,1,0,0,0,1,0,0,0,0,0,0,0,0,0,1,0,0,1,0,0,0,0
114,0,1,0.20834380497612465,0,0,0.7990243577560828,0,1,0,0,1,0,1,0,0,1,0,0,0,0,0,0,0,0,0,1,0,0,1,0,0,0,0
115,0,0,0.2586076903744659,0,0,0.76515496937484,0,1,0,0,1,1,0,0,1,0,0,0,0,0,0,0,0,1,0,0,0,0,1,0,0,0,0
116,0,0,0.8806232721789394,0,0,0.7638971064490874,0,1,0,0,1,0,0,1,1,0,0,0,0,0,0,0,0,0,0,1,0,0,1,0,0,0,0
117,0,0,0.35913546117114853,1,0,0.8200504861158846,0,1,0,1,0,1,0,0,1,0,0,0,0,0,0,0,0,0,0,1,0,0,1,0,0,0,0
118,0,0,0.2963056044232219,0,1,0.9590199899994104,0,0,1,0,0,0,1,0,1,0,0,0,0,1,0,0,0,0,0,0,0,1,0,0,0,0,0
119,0,1,0.01985423473234481,4,2,0.8424873307421354,0,1,0,0,1,1,0,0,0,1,0,0,0,0,0,0,0,0,0,1,0,0,1,0,0,0,0
120,0,0,0.2586076903744659,2,0,0.8906211366609432,0,1,0,1,0,1,0,0,1,0,0,0,0,0,0,0,0,0,0,1,0,0,1,0,0,0,0
121,0,0,0.36792055349407915,0,0,0.7660365515354954,1,1,0,0,1,1,0,0,1,0,0,0,0,0,0,0,0,0,0,1,0,0,1,0,0,0,0
122,0,0,0.40311636089469716,1,0,0.8402754853577196,0,1,0,1,0,0,1,0,1,0,0,0,0,0,0,0,0,0,0,1,0,0,1,0,0,0,0
123,1,1,0.40311636089469716,0,0,0.7930351818500888,0,0,0,1,0,1,0,0,0,1,0,0,0,0,0,0,0,0,0,1,0,0,0,0,1,0,0
124,0,0,0.6732847449107816,0,1,0.8934516416871827,0,0,1,0,0,1,0,0,1,0,0,0,0,0,0,0,0,0,0,1,0,0,0,1,0,0,0
125,1,0,0.14551394822819805,1,0,0.7848490599746852,0,1,0,0,1,0,1,0,0,0,0,1,0,0,0,0,0,0,0,1,0,0,1,0,0,0,0
126,0,0,0.36792055349407915,0,0,0.7638971064490874,1,1,0,0,1,0,0,1,1,0,0,0,0,0,0,0,0,0,0,1,0,0,1,0,0,0,0
127,1,0,0.2963056044232219,0,0,0.7592924205824766,0,1,0,0,1,1,0,0,1,0,0,0,0,0,0,0,0,0,0,1,0,0,1,0,0,0,0
128,1,1,0.36792055349407915,1,1,0.8235811039815092,1,0,0,0,1,0,1,0,0,1,0,0,0,0,0,0,0,0,0,1,0,0,0,0,0,1,0
129,0,0,0.5601910027645137,0,0,0.7579619437568297,0,1,0,0,1,1,0,0,1,0,0,0,0,0,0,0,0,0,0,1,0,0,1,0,0,0,0
130,0,0,0.4093993465694898,0,0,0.7649470285882525,0,1,0,0,1,0,1,0,1,0,0,0,0,0,0,0,0,0,0,1,0,0,1,0,0,0,0
131,0,0,0.24604171902488062,0,0,0.7585644301475516,0,1,0,0,1,1,0,0,1,0,0,0,0,0,0,0,1,0,0,0,0,0,1,0,0,0,0
132,0,1,0.5853229454636844,1,0,0.7991865941630691,0,1,0,0,1,1,0,0,0,0,1,0,0,0,0,1,0,0,0,0,0,0,1,0,0,0,0
133,1,1,0.35913546117114853,1,0,0.832081541635825,0,1,0,1,0,1,0,0,0,0,1,0,0,0,0,0,0,0,0,1,0,0,1,0,0,0,0
134,0,0,0.3088715757728072,0,0,0.7930351818500888,0,1,0,1,0,1,0,0,1,0,0,0,0,0,1,0,0,0,0,0,0,0,1,0,0,0,0
135,0,0,0.2837396330736366,0,0,0.8012680740538608,0,1,0,1,0,0,1,0,1,0,0,0,0,0,0,0,0,0,0,1,0,0,1,0,0,0,0
136,1,1,0.23347574767529528,0,2,0.832692023820487,0,0,1,0,0,1,0,0,0,1,0,0,0,0,0,0,0,0,0,1,0,0,0,1,0,0,0
137,0,0,0.4596632319678311,1,0,0.8723071220343462,0,0,1,0,0,1,0,0,1,0,0,0,0,0,0,0,0,0,0,1,0,0,1,0,0,0,0
138,0,0,0.19577783362653933,0,0,0.7736607980442716,0,1,0,0,1,1,0,0,1,0,0,0,0,0,0,0,0,0,0,1,0,0,1,0,0,0,0
139,0,0,0.2963056044232219,0,0,0.8948286250313257,0,0,1,0,0,0,1,0,1,0,0,0,0,1,0,0,0,0,0,0,0,1,0,0,0,0,0
140,0,1,0.36792055349407915,0,2,0.8020119476329426,1,1,0,0,1,0,1,0,0,0,1,0,0,0,0,0,0,0,0,1,0,0,1,0,0,0,0
141,1,1,0.2711736617240513,0,0,0.7638971064490874,0,1,0,0,1,1,0,0,0,1,0,0,0,0,0,0,0,0,0,1,0,0,1,0,0,0,0
142,1,1,0.2963056044232219,1,0,0.804201315286052,0,1,0,0,1,1,0,0,0,0,1,0,0,0,0,0,0,0,0,1,0,0,1,0,0,0,0
143,0,0,0.23347574767529528,0,0,0.7561148294648277,0,1,0,0,1,0,0,1,1,0,0,0,0,0,0,0,0,0,0,1,0,0,1,0,0,0,0
144,0,0,0.22090977632570996,0,0,0.7861287509334357,0,1,0,1,0,1,0,0,1,0,0,0,0,0,0,0,0,0,0,1,0,0,1,0,0,0,0
145,0,0,0.23347574767529528,1,1,0.8515747628732766,0,1,0,1,0,1,0,0,1,0,0,0,0,0,1,0,0,0,0,0,0,0,1,0,0,0,0
146,1,0,0.33400351847197784,0,0,0.7642290302744151,0,1,0,0,1,1,0,0,1,0,0,0,0,0,0,0,0,0,0,1,0,0,1,0,0,0,0
147,0,1,0.10781603417944208,2,2,0.8478112965570442,0,1,0,0,1,1,0,0,0,1,0,0,0,0,0,0,0,0,1,0,0,0,1,0,0,0,0
148,0,0,0.4533802462930384,0,2,0.832081541635825,0,0,0,1,0,1,0,0,1,0,0,0,0,0,0,0,0,0,0,1,0,0,0,0,0,1,0
149,0,0,0.5224930887157577,0,0,0.7930351818500888,0,1,0,1,0,1,0,0,0,0,0,0,1,0,0,0,0,0,0,1,0,0,1,0,0,0,0
150,0,0,0.6355868308620256,0,0,0.790938352988665,0,1,0,1,0,1,0,0,0,0,0,0,1,0,0,0,0,0,0,1,0,0,1,0,0,0,0
151,1,1,0.2711736617240513,1,0,0.885067880155318,0,0,1,0,0,1,0,0,0,0,1,0,0,0,0,0,0,0,0,1,0,0,1,0,0,0,0
152,0,0,0.6921337019351596,0,0,0.7660365515354954,0,1,0,0,1,1,0,0,1,0,0,0,0,0,0,1,0,0,0,0,0,0,1,0,0,0,0
153,0,0,0.5036441316913798,0,2,0.7991865941630691,0,1,0,0,1,1,0,0,1,0,0,0,0,0,0,1,0,0,0,0,0,0,1,0,0,0,0
154,0,0,0.36792055349407915,0,0,0.7606237905256146,1,1,0,0,1,1,0,0,1,0,0,0,0,0,0,0,0,0,0,1,0,0,1,0,0,0,0
155,0,0,0.6355868308620256,0,1,0.8804692973551743,0,1,1,0,0,0,1,0,1,0,0,0,0,1,0,0,0,0,0,0,0,0,1,0,0,0,0
156,1,1,0.19577783362653933,0,0,0.7637755892145943,0,1,0,0,1,0,0,1,0,1,0,0,0,0,0,0,0,0,0,1,0,0,1,0,0,0,0
157,0,0,0.37170143252073384,0,0,0.7660365515354954,0,1,0,0,1,1,0,0,1,0,0,0,0,0,0,0,1,0,0,0,0,0,1,0,0,0,0
158,0,0,0.36792055349407915,0,0,0.7701674453945859,1,1,0,0,1,1,0,0,1,0,0,0,0,0,0,0,0,0,0,1,0,0,1,0,0,0,0
159,0,0,0.36792055349407915,8,2,0.8875093851130004,1,1,0,0,1,1,0,0,0,0,0,1,0,0,1,0,0,0,0,0,0,0,1,0,0,0,0
160,0,0,0.5476250314149284,0,1,0.8050828979985807,0,1,0,0,1,1,0,0,1,0,0,0,0,0,0,0,0,0,0,1,0,0,1,0,0,0,0
161,1,1,0.4973611460165871,0,0,0.8038447825437919,0,1,0,1,0,1,0,0,0,0,1,0,0,0,1,0,0,0,0,0,0,0,1,0,0,0,0
162,0,0,0.32143754712239253,0,0,0.7640785299499153,0,1,0,0,1,1,0,0,1,0,0,0,0,0,0,0,0,0,0,1,0,0,1,0,0,0,0
163,0,0,0.20834380497612465,0,0,0.7701674453945859,0,1,0,0,1,1,0,0,1,0,0,0,0,0,0,0,0,0,0,1,0,0,1,0,0,0,0
164,0,0,0.007288263382759489,4,1,0.855906584353367,0,1,0,0,1,1,0,0,0,0,0,1,0,0,0,0,0,0,0,1,0,0,1,0,0,0,0
165,1,0,0.10781603417944208,0,2,0.8187616786895388,0,1,0,0,1,1,0,0,0,0,0,1,0,0,0,0,0,0,0,1,0,0,1,0,0,0,0
166,1,1,0.36792055349407915,0,1,0.8742875446705691,1,0,1,0,0,1,0,0,0,0,1,0,0,0,0,0,0,0,0,1,0,0,0,0,1,0,0
167,0,1,0.5601910027645137,1,4,0.8360546460885896,0,1,0,0,1,1,0,0,0,0,1,0,0,0,0,0,0,0,0,1,0,0,1,0,0,0,0
168,0,0,0.36792055349407915,0,0,0.8319188106631846,1,1,1,0,0,1,0,0,1,0,0,0,0,1,0,0,0,0,0,0,0,0,1,0,0,0,0
169,0,0,0.3465694898215632,0,0,0.8757991079305424,0,1,0,0,1,1,0,0,1,0,0,0,0,0,0,0,0,0,0,1,0,0,1,0,0,0,0
170,0,0,0.7612465443578789,0,0,0.8463588255589511,0,0,1,0,0,1,0,0,1,0,0,0,0,0,0,0,0,0,0,1,0,1,0,0,0,0,0
171,0,0,0.04498617743151546,4,1,0.8384752447421474,0,1,0,0,1,0,0,1,0,0,0,1,0,0,0,0,0,0,0,1,0,0,1,0,0,0,0
172,1,1,0.007288263382759489,1,1,0.7843032335272434,0,1,0,0,1,1,0,0,0,1,0,0,0,0,0,0,0,0,0,1,0,0,1,0,0,0,0
173,0,0,0.2586076903744659,0,0,0.76515496937484,0,1,0,0,1,1,0,0,1,0,0,0,0,0,0,0,0,1,0,0,0,0,1,0,0,0,0
174,0,0,0.6984166876099522,0,0,0.8414343042824595,0,0,1,0,0,0,1,0,1,0,0,0,0,0,0,0,0,0,0,1,1,0,0,0,0,0,0
175,0,0,0.22090977632570996,1,1,0.7646494521384078,0,1,0,0,1,1,0,0,1,0,0,0,0,0,0,0,0,0,0,1,0,0,1,0,0,0,0
176,0,0,0.36792055349407915,3,1,0.8309140710053393,1,1,0,0,1,1,0,0,0,0,0,1,0,0,0,0,0,0,0,1,0,0,1,0,0,0,0
177,0,1,0.6230208595124404,0,0,0.8376717057031814,0,0,1,0,0,0,1,0,0,1,0,0,0,1,0,0,0,0,0,0,0,0,1,0,0,0,0
178,0,0,0.37170143252073384,0,0,0.7930351818500888,0,1,0,1,0,1,0,0,1,0,0,0,0,0,0,0,0,0,0,1,0,0,1,0,0,0,0
179,0,0,0.4470972606182458,0,0,0.0,0,1,0,0,1,1,0,0,1,0,0,0,0,0,0,0,0,0,0,1,0,0,1,0,0,0,0
180,0,1,0.36792055349407915,8,2,0.8875093851130004,1,1,0,0,1,1,0,0,0,1,0,0,0,0,1,0,0,0,0,0,0,0,1,0,0,0,0
181,0,0,0.36792055349407915,0,0,0.8012837968013556,1,1,0,1,0,0,1,0,1,0,0,0,0,0,0,0,0,0,0,1,0,0,1,0,0,0,0
182,0,0,0.10781603417944208,4,2,0.8426896002697093,0,1,0,0,1,1,0,0,0,0,0,1,0,0,0,0,0,0,0,1,0,0,1,0,0,0,0
183,1,0,0.007288263382759489,2,1,0.8549222033519805,0,0,0,1,0,1,0,0,0,0,0,1,0,0,0,0,0,0,0,1,0,0,0,0,0,1,0
184,1,1,0.04498617743151546,0,2,0.8227350286760721,0,1,0,0,1,1,0,0,0,1,0,0,0,0,0,0,0,0,0,1,0,0,1,0,0,0,0
185,0,0,0.36792055349407915,0,0,0.8689185306554691,1,0,1,0,0,1,0,0,1,0,0,0,0,0,0,0,0,0,0,1,1,0,0,0,0,0,0
186,1,1,0.36792055349407915,1,0,0.8029434515577688,1,1,0,0,1,0,0,1,0,0,1,0,0,0,0,0,0,0,0,1,0,0,1,0,0,0,0
187,1,0,0.5601910027645137,0,0,0.8332607511911245,0,1,1,0,0,1,0,0,1,0,0,0,0,0,0,0,0,0,0,1,0,0,1,0,0,0,0
188,0,0,0.4973611460165871,1,1,0.8029434515577688,0,1,0,0,1,0,0,1,1,0,0,0,0,0,0,0,0,0,0,1,0,0,1,0,0,0,0
189,0,0,0.4470972606182458,0,0,0.7649470285882525,0,1,0,0,1,1,0,0,1,0,0,0,0,0,0,0,0,0,0,1,0,0,1,0,0,0,0
190,1,1,0.39683337521990447,0,0,0.7930351818500888,0,1,0,1,0,1,0,0,0,0,1,0,0,0,0,0,0,0,0,1,0,0,1,0,0,0,0
191,0,0,0.23347574767529528,0,0,0.7930351818500888,0,1,0,1,0,1,0,0,1,0,0,0,0,0,0,0,0,0,0,1,0,0,1,0,0,0,0
192,1,1,0.23347574767529528,1,0,0.7646494521384078,0,1,0,0,1,1,0,0,0,1,0,0,0,0,0,0,0,0,0,1,0,0,1,0,0,0,0
193,1,0,0.032420206081930136,1,1,0.832081541635825,0,0,0,1,0,1,0,0,0,0,0,1,0,0,0,0,0,0,0,1,0,0,0,0,0,1,0
194,1,1,0.5476250314149284,0,0,0.83569166211709,0,0,1,0,0,0,1,0,0,0,1,0,0,1,0,0,0,0,0,0,0,1,0,0,0,0,0
195,1,1,0.7235486303091229,0,0,0.9294835796052062,0,0,1,0,0,0,1,0,0,1,0,0,0,1,0,0,0,0,0,0,0,1,0,0,0,0,0
196,0,0,0.36792055349407915,0,0,0.7638971064490874,1,1,0,0,1,0,0,1,1,0,0,0,0,0,0,0,0,0,0,1,0,0,1,0,0,0,0
197,0,0,0.5224930887157577,0,1,0.7684621766458447,0,1,0,0,1,1,0,0,1,0,0,0,0,0,0,0,0,0,0,1,0,0,1,0,0,0,0
198,1,1,0.36792055349407915,0,0,0.7638971064490874,1,1,0,0,1,0,0,1,0,1,0,0,0,0,0,0,0,0,0,1,0,0,1,0,0,0,0
199,0,1,0.2963056044232219,0,0,0.7930351818500888,0,1,0,1,0,1,0,0,0,1,0,0,0,0,0,0,0,0,0,1,0,0,1,0,0,0,0
200,0,0,0.3465694898215632,0,0,0.7753662336583621,0,1,0,0,1,1,0,0,1,0,0,0,0,0,0,0,0,0,0,1,0,0,1,0,0,0,0
201,0,0,0.36792055349407915,8,2,0.8875093851130004,1,1,0,0,1,1,0,0,1,0,0,0,0,0,1,0,0,0,0,0,0,0,1,0,0,0,0
202,0,0,0.42196531791907516,0,0,0.753952432869761,0,1,0,0,1,1,0,0,1,0,0,0,0,0,0,0,0,0,0,1,0,0,1,0,0,0,0
203,0,0,0.5664739884393063,0,0,0.7599456677989367,0,1,0,0,1,0,1,0,1,0,0,0,0,0,0,0,0,0,0,1,0,0,1,0,0,0,0
204,1,0,0.22090977632570996,0,0,0.7660365515354954,0,1,0,0,1,1,0,0,1,0,0,0,0,0,0,1,0,0,0,0,0,0,1,0,0,0,0
205,0,1,0.01985423473234481,0,1,0.7808025857741511,0,0,0,0,1,1,0,0,0,1,0,0,0,0,0,0,0,0,0,1,0,0,0,0,0,0,1
206,0,0,0.39683337521990447,1,0,0.804201315286052,0,1,0,0,1,1,0,0,1,0,0,0,0,0,0,0,0,0,0,1,0,0,1,0,0,0,0
207,1,0,0.32143754712239253,0,0,0.8137790069349936,0,1,0,0,1,0,1,0,1,0,0,0,0,0,0,0,0,0,0,1,0,0,1,0,0,0,0
208,1,1,0.19577783362653933,0,0,0.7638971064490874,0,1,0,0,1,0,0,1,0,1,0,0,0,0,0,0,0,0,0,1,0,0,1,0,0,0,0
209,1,0,0.4973611460165871,0,0,0.8419898148380434,0,0,1,0,0,0,1,0,1,0,0,0,0,0,0,0,0,0,0,1,1,0,0,0,0,0,0
210,0,0,0.2963056044232219,0,0,0.7585644301475516,0,1,0,0,1,1,0,0,1,0,0,0,0,0,0,0,1,0,0,0,0,0,1,0,0,0,0
211,1,1,0.43453128926866047,0,0,0.8200504861158846,0,1,0,1,0,1,0,0,0,1,0,0,0,0,0,0,0,0,0,1,0,0,1,0,0,0,0
212,0,0,0.2711736617240513,0,0,0.7601402515608131,0,1,0,0,1,1,0,0,1,0,0,0,0,0,0,1,0,0,0,0,0,0,1,0,0,0,0
213,0,0,0.37170143252073384,0,0,0.7930351818500888,0,1,0,1,0,1,0,0,1,0,0,0,0,0,0,0,0,0,0,1,0,0,1,0,0,0,0
214,0,0,0.36792055349407915,1,0,0.7638971064490874,1,1,0,0,1,0,0,1,1,0,0,0,0,0,0,0,0,0,0,1,0,0,1,0,0,0,0
215,1,1,0.38426740387031916,1,0,0.9149865967100618,0,0,1,0,0,0,1,0,0,1,0,0,0,0,0,0,0,0,0,1,0,0,0,1,0,0,0
216,1,1,0.33400351847197784,0,0,0.76515496937484,0,1,0,0,1,1,0,0,0,1,0,0,0,0,0,0,0,0,0,1,0,0,1,0,0,0,0
217,0,0,0.5224930887157577,1,0,0.8342075297775224,0,1,0,1,0,1,0,0,1,0,0,0,0,0,0,0,0,0,0,1,0,0,1,0,0,0,0
218,1,1,0.39683337521990447,0,0,0.8927211234239514,0,0,1,0,0,0,1,0,0,1,0,0,0,0,0,0,0,0,0,1,0,0,0,1,0,0,0
219,0,0,0.37170143252073384,0,0,0.7810041314887518,0,1,0,1,0,1,0,0,1,0,0,0,0,0,0,0,0,0,1,0,0,0,1,0,0,0,0
220,1,0,0.19577783362653933,0,0,0.7660365515354954,0,1,0,0,1,1,0,0,1,0,0,0,0,0,0,0,1,0,0,0,0,0,1,0,0,0,0
221,0,0,0.33400351847197784,0,0,0.7930351818500888,0,1,0,1,0,1,0,0,1,0,0,0,0,0,0,0,0,0,0,1,0,0,1,0,0,0,0
222,0,0,0.6355868308620256,0,0,0.7660365515354954,0,1,0,0,1,1,0,0,1,0,0,0,0,0,0,0,0,0,0,1,0,0,1,0,0,0,0
223,0,0,0.36792055349407915,0,0,0.7649470285882525,1,1,0,0,1,1,0,0,1,0,0,0,0,0,0,0,0,0,0,1,0,0,1,0,0,0,0
224,1,0,0.4722292033174164,1,0,0.9020297363315426,0,0,1,0,0,1,0,0,1,0,0,0,0,0,0,0,0,0,0,1,0,0,1,0,0,0,0
225,0,0,0.2711736617240513,0,0,0.7744696848489568,0,1,0,0,1,1,0,0,1,0,0,0,0,0,0,0,0,0,0,1,0,0,1,0,0,0,0
226,1,0,0.23347574767529528,0,0,0.7810041314887518,0,1,0,1,0,1,0,0,1,0,0,0,0,0,0,0,0,0,0,1,0,0,1,0,0,0,0
227,0,0,0.2523247046996733,0,0,0.7601402515608131,0,1,0,0,1,1,0,0,1,0,0,0,0,0,0,1,0,0,0,0,0,0,1,0,0,0,0
228,0,0,0.22090977632570996,0,0,0.7930351818500888,0,1,0,1,0,1,0,0,1,0,0,0,0,0,0,0,0,0,0,1,0,0,1,0,0,0,0
229,0,1,0.36792055349407915,3,1,0.8309140710053393,1,1,0,0,1,1,0,0,0,1,0,0,0,0,0,0,0,0,0,1,0,0,1,0,0,0,0
230,1,1,0.43453128926866047,1,0,0.8977900489720356,0,0,1,0,0,1,0,0,0,0,1,0,0,0,0,0,0,0,0,1,0,0,1,0,0,0,0
231,0,0,0.35913546117114853,0,0,0.7640785299499153,0,1,0,0,1,1,0,0,1,0,0,0,0,0,0,0,0,0,0,1,0,0,1,0,0,0,0
232,0,0,0.7361146016587082,0,0,0.7951611691893368,0,1,0,1,0,1,0,0,1,0,0,0,0,0,0,0,0,0,0,1,0,0,1,0,0,0,0
233,1,1,0.05755214878110078,4,2,0.8426896002697093,0,1,0,0,1,1,0,0,0,1,0,0,0,0,0,0,0,0,0,1,0,0,1,0,0,0,0
234,0,0,0.2963056044232219,0,0,0.7810041314887518,0,1,0,1,0,1,0,0,1,0,0,0,0,0,1,0,0,0,0,0,0,0,1,0,0,0,0
235,0,1,0.36792055349407915,0,0,0.7624242919096659,1,1,0,0,1,1,0,0,0,1,0,0,0,0,0,0,0,0,1,0,0,0,1,0,0,0,0
236,0,0,0.5476250314149284,1,0,0.832081541635825,0,1,0,1,0,1,0,0,1,0,0,0,0,0,0,0,0,0,0,1,0,0,1,0,0,0,0
237,1,1,0.09525006282985675,0,2,0.8326206079439833,0,1,0,1,0,1,0,0,0,1,0,0,0,0,1,0,0,0,0,0,0,0,1,0,0,0,0
238,0,0,0.23347574767529528,0,0,0.7810041314887518,0,1,0,1,0,1,0,0,1,0,0,0,0,0,0,0,0,0,0,1,0,0,1,0,0,0,0
239,0,0,0.4093993465694898,0,0,0.7898025892041852,0,1,0,1,0,1,0,0,1,0,0,0,0,0,0,0,0,0,0,1,0,0,1,0,0,0,0
240,0,1,0.36792055349407915,1,0,0.7990083811973341,1,1,0,0,1,0,1,0,0,1,0,0,0,0,0,0,0,0,0,1,0,0,1,0,0,0,0
241,1,1,0.36792055349407915,1,0,0.8029434515577688,1,1,0,0,1,0,0,1,0,1,0,0,0,0,0,0,0,0,0,1,0,0,1,0,0,0,0
242,0,0,0.35913546117114853,0,0,0.7810041314887518,0,1,0,1,0,1,0,0,1,0,0,0,0,0,0,0,0,0,1,0,0,0,1,0,0,0,0
243,0,0,0.2711736617240513,0,0,0.7591605409102807,0,1,0,0,1,1,0,0,1,0,0,0,0,0,0,0,0,1,0,0,0,0,1,0,0,0,0
244,0,0,0.37170143252073384,0,0,0.7599456677989367,0,1,0,0,1,0,1,0,1,0,0,0,0,0,0,0,0,0,0,1,0,0,1,0,0,0,0
245,0,0,0.5476250314149284,2,0,0.9020297363315426,0,0,1,0,0,0,0,1,0,0,0,0,1,0,0,0,0,0,0,1,0,0,1,0,0,0,0
246,0,1,0.3088715757728072,0,0,0.7640785299499153,0,1,0,0,1,1,0,0,0,1,0,0,0,0,0,0,0,0,0,1,0,0,1,0,0,0,0
247,1,1,0.2963056044232219,0,2,0.7991865941630691,0,1,0,1,0,1,0,0,0,0,1,0,0,0,0,0,0,0,0,1,0,0,1,0,0,0,0
248,1,0,0.4596632319678311,1,1,0.8717251047612857,0,0,1,0,0,1,0,0,1,0,0,0,0,0,0,0,0,0,0,1,0,0,0,1,0,0,0
249,0,0,0.6732847449107816,1,0,0.832081541635825,0,1,0,1,0,1,0,0,0,0,0,0,1,0,0,0,0,0,0,1,0,0,1,0,0,0,0
250,0,0,0.36792055349407915,0,0,0.7601402515608131,1,1,0,0,1,1,0,0,1,0,0,0,0,0,0,0,0,0,0,1,0,0,1,0,0,0,0
251,0,1,0.35913546117114853,1,1,0.7808025857741511,0,0,0,0,1,1,0,0,0,0,1,0,0,0,0,0,0,0,0,1,0,0,0,0,0,0,1
252,0,0,0.7738125157074642,0,0,0.8332607511911245,0,0,1,0,0,1,0,0,1,0,0,0,0,0,0,0,0,0,0,1,0,0,1,0,0,0,0
253,0,0,0.37170143252073384,1,0,0.8050828979985807,0,1,0,0,1,1,0,0,1,0,0,0,0,0,0,1,0,0,0,0,0,0,1,0,0,0,0
254,0,1,0.5099271173661724,0,2,0.8178974090021565,0,1,0,0,1,1,0,0,0,0,1,0,0,0,0,0,0,0,0,1,0,0,1,0,0,0,0
255,1,1,0.35913546117114853,0,2,0.8020119476329426,0,1,0,0,1,0,1,0,0,0,1,0,0,0,0,0,0,0,0,1,0,0,1,0,0,0,0
256,1,1,0.36792055349407915,0,0,0.8948286250313257,1,1,1,0,0,0,1,0,0,0,1,0,0,1,0,0,0,0,0,0,0,0,1,0,0,0,0
257,1,1,0.37170143252073384,0,0,0.8997953125332826,0,0,1,0,0,1,0,0,0,1,0,0,0,0,0,0,0,0,0,1,0,1,0,0,0,0,0
258,1,1,0.43453128926866047,0,0,1.0,0,1,1,0,0,0,1,0,0,1,0,0,0,1,0,0,0,0,0,0,0,0,1,0,0,0,0
259,1,1,0.6230208595124404,0,1,0.832081541635825,0,1,0,1,0,1,0,0,0,0,1,0,0,0,0,0,0,0,0,1,0,0,1,0,0,0,0
260,0,0,0.36792055349407915,0,0,0.7638971064490874,1,1,0,0,1,0,0,1,1,0,0,0,0,0,0,0,0,0,0,1,0,0,1,0,0,0,0
261,1,0,0.032420206081930136,4,2,0.8426896002697093,0,1,0,0,1,1,0,0,0,0,0,1,0,0,0,0,0,0,0,1,0,0,1,0,0,0,0
262,0,0,0.648152802211611,1,1,0.8951477874363317,0,0,1,0,0,1,0,0,1,0,0,0,0,0,0,0,0,0,0,1,0,0,0,0,1,0,0
263,0,0,0.4973611460165871,0,0,0.0,0,0,1,0,0,1,0,0,1,0,0,0,0,0,0,0,0,0,0,1,0,1,0,0,0,0,0
264,0,1,0.36792055349407915,0,0,0.7638971064490874,1,1,0,0,1,0,0,1,0,1,0,0,0,0,0,0,0,0,0,1,0,0,1,0,0,0,0
265,0,0,0.4470972606182458,0,0,0.7810041314887518,0,1,0,1,0,1,0,0,1,0,0,0,0,0,1,0,0,0,0,0,0,0,1,0,0,0,0
266,0,0,0.19577783362653933,4,1,0.855906584353367,0,1,0,0,1,1,0,0,1,0,0,0,0,0,0,0,0,0,0,1,0,0,1,0,0,0,0
267,1,0,0.3088715757728072,1,0,0.7640785299499153,0,1,0,0,1,1,0,0,1,0,0,0,0,0,0,0,0,0,0,1,0,0,1,0,0,0,0
268,1,1,0.7235486303091229,0,1,0.9320911233107276,0,0,1,0,0,1,0,0,0,0,1,0,0,1,0,0,0,0,0,0,0,0,1,0,0,0,0
269,1,1,0.43453128926866047,0,0,0.9251340450286972,0,0,1,0,0,1,0,0,0,1,0,0,0,1,0,0,0,0,0,0,0,0,1,0,0,0,0
270,0,0,0.36792055349407915,0,0,0.8419898148380434,1,1,1,0,0,1,0,0,1,0,0,0,0,0,0,0,0,0,0,1,0,0,1,0,0,0,0
271,1,0,0.3088715757728072,0,0,0.0,0,1,0,0,1,1,0,0,1,0,0,0,0,0,0,0,0,0,0,1,0,0,1,0,0,0,0
272,1,1,0.5099271173661724,0,1,0.8158758363441974,0,1,0,1,0,1,0,0,0,0,1,0,0,0,0,0,0,0,0,1,0,0,1,0,0,0,0
273,0,0,0.4596632319678311,0,1,0.8395765429201405,0,0,1,0,0,0,1,0,1,0,0,0,0,1,0,0,0,0,0,0,0,0,1,0,0,0,0
274,1,1,0.36792055349407915,0,0,0.7638971064490874,1,1,0,0,1,0,0,1,0,1,0,0,0,0,0,0,0,0,0,1,0,0,1,0,0,0,0
275,1,1,0.7863784870570495,1,0,0.8939384535675653,0,0,1,0,0,1,0,0,0,1,0,0,0,0,0,0,0,0,0,1,0,0,0,1,0,0,0
276,0,1,0.5601910027645137,0,0,0.7638971064490874,0,1,0,0,1,1,0,0,0,1,0,0,0,0,0,0,0,0,0,1,0,0,1,0,0,0,0
277,0,0,0.36792055349407915,0,0,0.0,1,1,0,1,0,1,0,0,1,0,0,0,0,0,0,0,0,0,0,1,0,0,1,0,0,0,0
278,0,0,0.08268409148027142,4,1,0.8384752447421474,0,1,0,0,1,0,0,1,0,0,0,1,0,0,0,0,0,0,0,1,0,0,1,0,0,0,0
279,1,1,0.43453128926866047,1,1,0.8180018242184116,0,1,0,0,1,1,0,0,0,0,1,0,0,0,1,0,0,0,0,0,0,0,1,0,0,0,0
280,0,0,0.8115104297562201,0,0,0.7638971064490874,0,1,0,0,1,0,0,1,1,0,0,0,0,0,0,0,0,0,0,1,0,0,1,0,0,0,0
281,0,0,0.3465694898215632,0,0,0.7646494521384078,0,1,0,0,1,1,0,0,1,0,0,0,0,0,0,0,0,0,0,1,0,0,1,0,0,0,0
282,0,0,0.19577783362653933,0,0,0.7753662336583621,0,1,0,0,1,1,0,0,1,0,0,0,0,0,0,0,0,0,0,1,0,0,1,0,0,0,0
283,1,0,0.23347574767529528,0,0,0.7660365515354954,0,1,0,0,1,1,0,0,1,0,0,0,0,0,0,1,0,0,0,0,0,0,1,0,0,0,0
284,0,0,0.36792055349407915,0,0,0.832081541635825,1,0,1,0,0,1,0,0,1,0,0,0,0,0,0,0,0,0,0,1,1,0,0,0,0,0,0
285,0,0,0.4093993465694898,0,0,0.7701674453945859,0,1,0,0,1,0,1,0,1,0,0,0,0,0,0,0,0,0,0,1,0,0,1,0,0,0,0
286,1,0,0.37170143252073384,0,0,0.7753662336583621,0,1,0,0,1,1,0,0,1,0,0,0,0,0,0,0,0,0,0,1,0,0,1,0,0,0,0
287,0,0,0.2711736617240513,0,0,0.7649470285882525,0,1,0,0,1,1,0,0,1,0,0,0,0,0,0,0,0,0,0,1,0,0,1,0,0,0,0
288,1,0,0.5224930887157577,0,0,0.7930351818500888,0,1,0,1,0,1,0,0,1,0,0,0,0,0,0,0,0,0,0,1,0,0,1,0,0,0,0
289,1,1,0.2711736617240513,0,0,0.7638971064490874,0,1,0,0,1,0,0,1,0,1,0,0,0,0,0,0,0,0,0,1,0,0,1,0,0,0,0
290,1,1,0.32143754712239253,0,0,0.8945791313642054,0,1,1,0,0,1,0,0,0,1,0,0,0,0,0,0,0,0,0,1,0,0,1,0,0,0,0
291,1,1,0.23347574767529528,1,0,0.902701201966744,0,0,1,0,0,0,1,0,0,0,1,0,0,0,0,0,0,0,0,1,0,1,0,0,0,0,0
292,0,0,0.4470972606182458,0,0,0.7924909073035188,0,0,0,1,0,0,1,0,1,0,0,0,0,0,0,0,0,0,0,1,0,0,0,1,0,0,0
293,0,1,0.2963056044232219,0,0,0.7713737432356672,0,1,0,0,1,1,0,0,0,1,0,0,0,0,0,0,0,0,0,1,0,0,1,0,0,0,0
294,0,0,0.2963056044232219,0,0,0.7649470285882525,0,1,0,0,1,1,0,0,1,0,0,0,0,0,0,0,0,0,0,1,0,0,1,0,0,0,0
295,0,0,0.36792055349407915,0,0,0.83569166211709,1,1,1,0,0,0,1,0,1,0,0,0,0,1,0,0,0,0,0,0,0,0,1,0,0,0,0
296,0,0,0.2900226187484292,0,0,0.7599784048811697,0,1,0,0,1,0,1,0,1,0,0,0,0,0,0,0,0,0,0,1,0,0,1,0,0,0,0
297,0,1,0.01985423473234481,1,2,0.9313846841004707,0,0,1,0,0,1,0,0,0,1,0,0,0,0,0,0,0,0,0,1,0,0,1,0,0,0,0
298,1,0,0.36792055349407915,0,0,0.8410738271345839,1,0,1,0,0,1,0,0,1,0,0,0,0,0,0,0,0,0,0,1,0,0,1,0,0,0,0
299,1,1,0.6230208595124404,0,1,0.9590199899994104,0,0,1,0,0,0,1,0,0,0,1,0,0,1,0,0,0,0,0,0,0,1,0,0,0,0,0
300,1,1,0.36792055349407915,0,0,0.7638971064490874,1,1,0,0,1,0,0,1,0,1,0,0,0,0,0,0,0,0,0,1,0,0,1,0,0,0,0
301,1,0,0.36792055349407915,2,0,0.8257841083815692,1,1,0,0,1,0,0,1,1,0,0,0,0,0,0,0,0,0,0,1,0,0,1,0,0,0,0
302,0,0,0.23347574767529528,0,0,0.0,0,1,0,0,1,1,0,0,1,0,0,0,0,0,0,0,0,0,0,1,0,0,1,0,0,0,0
303,1,1,0.36792055349407915,0,0,0.7901457292000206,1,0,0,1,0,0,0,1,0,1,0,0,0,0,0,0,0,0,0,1,0,0,0,0,1,0,0
304,0,0,0.36792055349407915,0,0,0.7660365515354954,1,1,0,0,1,1,0,0,1,0,0,0,0,0,0,1,0,0,0,0,0,0,1,0,0,0,0
305,1,0,0.0062829856747926615,1,2,0.9313846841004707,0,0,1,0,0,1,0,0,0,0,0,1,0,0,0,0,0,0,0,1,0,0,1,0,0,0,0
306,1,1,0.36792055349407915,0,0,0.9137844605829551,1,1,1,0,0,0,1,0,0,1,0,0,0,0,0,0,0,0,0,1,0,0,1,0,0,0,0
307,1,1,0.20834380497612465,1,0,0.912767765323887,0,0,1,0,0,0,1,0,0,0,1,0,0,1,0,0,0,0,0,0,0,0,1,0,0,0,0
308,0,0,0.37170143252073384,1,0,0.8275725759609567,0,1,0,1,0,0,1,0,1,0,0,0,0,0,0,0,0,0,0,1,0,0,1,0,0,0,0
309,1,1,0.37170143252073384,0,0,0.8762296023077257,0,0,1,0,0,0,1,0,0,1,0,0,0,1,0,0,0,0,0,0,0,0,0,0,1,0,0
310,1,1,0.2963056044232219,0,0,0.8975759216594978,0,0,1,0,0,0,1,0,0,1,0,0,0,0,0,0,0,0,0,1,0,0,1,0,0,0,0
311,1,1,0.22090977632570996,2,2,0.9623030290191524,0,0,1,0,0,0,1,0,0,1,0,0,0,1,0,0,0,0,0,0,0,1,0,0,0,0,0
312,0,1,0.32143754712239253,1,1,0.832081541635825,0,1,0,1,0,1,0,0,0,0,1,0,0,0,0,0,0,0,0,1,0,0,1,0,0,0,0
313,0,0,0.3465694898215632,0,0,0.7649470285882525,0,1,0,0,1,1,0,0,1,0,0,0,0,0,0,0,0,0,0,1,0,0,1,0,0,0,0
314,0,0,0.5350590600653431,1,1,0.8326206079439833,0,1,0,1,0,1,0,0,1,0,0,0,0,0,0,0,0,0,0,1,0,0,1,0,0,0,0
315,1,1,0.32143754712239253,0,0,0.7646494521384078,0,1,0,0,1,1,0,0,0,1,0,0,0,0,0,0,0,0,0,1,0,0,1,0,0,0,0
316,1,1,0.2963056044232219,1,0,0.832081541635825,0,1,0,1,0,1,0,0,0,0,1,0,0,0,0,0,0,0,0,1,0,0,1,0,0,0,0
317,0,0,0.6732847449107816,0,0,0.7972098305900555,0,1,0,1,0,1,0,0,0,0,0,0,1,0,0,0,0,0,0,1,0,0,1,0,0,0,0
318,1,1,0.38426740387031916,0,2,0.9361290603975834,0,0,1,0,0,1,0,0,0,1,0,0,0,0,0,0,0,0,0,1,0,0,1,0,0,0,0
319,1,1,0.4973611460165871,1,1,0.9246613787628286,0,0,1,0,0,0,1,0,0,0,1,0,0,0,0,0,0,0,0,1,0,0,0,0,1,0,0
320,0,0,0.2711736617240513,0,0,0.7601402515608131,0,1,0,0,1,1,0,0,1,0,0,0,0,0,0,1,0,0,0,0,0,0,1,0,0,0,0
321,0,0,0.33400351847197784,0,0,0.7649470285882525,0,1,0,0,1,1,0,0,1,0,0,0,0,0,0,0,0,0,0,1,0,0,1,0,0,0,0
322,1,1,0.37170143252073384,0,0,0.7901457292000206,0,1,0,1,0,0,0,1,0,1,0,0,0,0,0,0,0,0,0,1,0,0,1,0,0,0,0
323,1,1,0.2711736617240513,1,1,0.83823295619013,0,1,0,1,0,1,0,0,0,0,1,0,0,0,0,0,0,0,0,1,0,0,1,0,0,0,0
324,0,0,0.36792055349407915,8,2,0.8875093851130004,1,1,0,0,1,1,0,0,1,0,0,0,0,0,1,0,0,0,0,0,0,0,1,0,0,0,0
325,1,1,0.4470972606182458,0,0,0.9251340450286972,0,0,1,0,0,0,1,0,0,1,0,0,0,1,0,0,0,0,0,0,0,0,1,0,0,0,0
326,0,0,0.7612465443578789,0,0,0.7516666884889374,0,1,0,0,1,1,0,0,1,0,0,0,0,0,0,0,0,0,0,1,0,0,1,0,0,0,0
327,1,1,0.4470972606182458,0,0,0.7930351818500888,0,0,0,1,0,1,0,0,0,0,1,0,0,0,0,0,0,0,0,1,0,0,0,1,0,0,0
328,1,1,0.38426740387031916,1,1,0.8187616786895388,0,1,0,0,1,1,0,0,0,0,1,0,0,0,0,0,0,0,0,1,0,0,1,0,0,0,0
329,1,1,0.19577783362653933,0,1,0.8772591224816424,0,0,1,0,0,0,1,0,0,1,0,0,0,0,0,0,0,0,0,1,0,1,0,0,0,0,0
330,1,1,0.36792055349407915,2,0,0.8257841083815692,1,1,0,0,1,0,0,1,0,1,0,0,0,0,0,0,0,0,0,1,0,0,1,0,0,0,0
331,0,0,0.5664739884393063,0,0,0.8372532445172397,0,0,1,0,0,1,0,0,1,0,0,0,0,0,0,0,0,0,0,1,0,0,1,0,0,0,0
332,0,0,0.4722292033174164,0,1,0.9320911233107276,0,0,1,0,0,1,0,0,1,0,0,0,0,1,0,0,0,0,0,0,0,0,1,0,0,0,0
333,0,0,0.19577783362653933,2,0,0.8113668712711662,0,1,0,0,1,1,0,0,1,0,0,0,0,0,0,0,0,0,0,1,0,0,1,0,0,0,0
334,1,1,0.36792055349407915,1,0,0.9243042474963242,1,1,1,0,0,1,0,0,0,0,1,0,0,1,0,0,0,0,0,0,0,0,1,0,0,0,0
335,0,0,0.36792055349407915,0,0,0.7649470285882525,1,1,0,0,1,1,0,0,1,0,0,0,0,0,0,0,0,0,0,1,0,0,1,0,0,0,0
336,0,0,0.35913546117114853,1,0,0.885067880155318,0,0,1,0,0,1,0,0,1,0,0,0,0,0,0,0,0,0,0,1,0,0,1,0,0,0,0
337,1,1,0.5099271173661724,0,0,0.9246613787628286,0,0,1,0,0,0,1,0,0,1,0,0,0,0,0,0,0,0,0,1,0,0,0,0,1,0,0
338,1,0,0.5601910027645137,0,0,0.7660365515354954,0,1,0,0,1,1,0,0,1,0,0,0,0,0,0,0,0,0,0,1,0,0,1,0,0,0,0
339,0,0,0.5601910027645137,0,0,0.8496253640206382,0,0,1,0,0,1,0,0,1,0,0,0,0,0,0,0,0,0,0,1,0,0,0,0,0,0,1
340,1,0,0.01985423473234481,1,1,0.832081541635825,0,0,0,1,0,1,0,0,0,0,0,1,0,0,0,0,0,0,0,1,0,0,0,0,0,1,0
341,1,1,0.2963056044232219,3,2,0.9624370572021521,0,0,1,0,0,1,0,0,0,1,0,0,0,0,0,0,0,0,0,1,0,0,1,0,0,0,0
342,0,0,0.3465694898215632,0,0,0.7930351818500888,0,1,0,1,0,1,0,0,1,0,0,0,0,0,0,0,0,0,0,1,0,0,1,0,0,0,0
343,0,0,0.3088715757728072,0,0,0.7930351818500888,0,1,0,1,0,1,0,0,1,0,0,0,0,0,0,0,0,0,0,1,0,0,1,0,0,0,0
344,0,0,0.4470972606182458,0,0,0.7930351818500888,0,1,0,1,0,1,0,0,1,0,0,0,0,0,0,0,0,0,0,1,0,0,1,0,0,0,0
345,1,1,0.2963056044232219,0,0,0.7930351818500888,0,0,0,1,0,1,0,0,0,1,0,0,0,0,0,0,0,0,0,1,0,0,0,0,0,1,0
346,1,1,0.4973611460165871,0,0,0.7930351818500888,0,1,0,1,0,1,0,0,0,1,0,0,0,0,0,0,0,0,0,1,0,0,1,0,0,0,0
347,1,1,0.36792055349407915,1,0,0.8050828979985807,1,1,0,0,1,1,0,0,0,0,1,0,0,0,0,0,0,0,0,1,0,0,1,0,0,0,0
348,1,0,0.032420206081930136,1,1,0.8043787390087873,0,1,0,0,1,1,0,0,0,0,0,1,0,0,1,0,0,0,0,0,0,0,1,0,0,0,0
349,0,0,0.5224930887157577,0,0,0.7701674453945859,0,1,0,0,1,1,0,0,1,0,0,0,0,0,0,0,0,0,0,1,0,0,1,0,0,0,0
350,0,0,0.2837396330736366,0,0,0.7737115043563637,0,1,0,0,1,1,0,0,1,0,0,0,0,0,0,0,0,0,0,1,0,0,1,0,0,0,0
351,0,0,0.36792055349407915,0,0,0.8488263150927091,1,0,1,0,0,1,0,0,1,0,0,0,0,0,0,0,0,0,0,1,0,0,1,0,0,0,0
352,0,0,0.18321186227695402,1,1,0.7599784048811697,0,1,0,0,1,0,1,0,1,0,0,0,0,0,0,0,0,0,0,1,0,0,1,0,0,0,0
353,0,0,0.3088715757728072,1,0,0.8107374570201504,0,1,0,0,1,1,0,0,1,0,0,0,0,0,0,0,0,0,0,1,0,0,1,0,0,0,0
354,0,0,0.36792055349407915,0,0,0.7599456677989367,1,1,0,0,1,0,1,0,1,0,0,0,0,0,0,0,0,0,0,1,0,0,1,0,0,0,0
355,0,0,0.3465694898215632,0,0,0.7753662336583621,0,1,0,0,1,1,0,0,1,0,0,0,0,0,0,0,0,0,0,1,0,0,1,0,0,0,0
356,1,1,0.2711736617240513,0,1,0.8742875446705691,0,0,1,0,0,1,0,0,0,1,0,0,0,0,0,0,0,0,0,1,0,0,0,0,1,0,0
357,0,1,0.4722292033174164,0,0,0.7930351818500888,0,1,0,1,0,1,0,0,0,1,0,0,0,0,0,0,0,0,0,1,0,0,1,0,0,0,0
358,1,1,0.36792055349407915,0,0,0.7648284725557587,1,1,0,0,1,0,0,1,0,1,0,0,0,0,0,0,0,0,0,1,0,0,1,0,0,0,0
359,1,1,0.36792055349407915,0,0,0.7648284725557587,1,1,0,0,1,0,0,1,0,1,0,0,0,0,0,0,0,0,0,1,0,0,1,0,0,0,0
360,0,0,0.4973611460165871,1,4,0.8360546460885896,0,1,0,0,1,1,0,0,1,0,0,0,0,0,0,0,0,0,0,1,0,0,1,0,0,0,0
361,0,0,0.35913546117114853,1,0,0.83569166211709,0,1,0,1,0,0,1,0,1,0,0,0,0,0,0,0,0,0,0,1,0,0,1,0,0,0,0
362,0,1,0.5601910027645137,0,1,0.7990083811973341,0,1,0,0,1,0,1,0,0,0,1,0,0,0,0,0,0,0,0,1,0,0,1,0,0,0,0
363,0,0,0.43453128926866047,0,0,0.7585644301475516,0,1,0,0,1,1,0,0,1,0,0,0,0,0,0,0,1,0,0,0,0,0,1,0,0,0,0
364,0,0,0.36792055349407915,1,0,0.8029434515577688,1,1,0,0,1,0,0,1,1,0,0,0,0,0,0,0,0,0,0,1,0,0,1,0,0,0,0
365,0,0,0.37170143252073384,0,0,0.7601402515608131,0,1,0,0,1,1,0,0,1,0,0,0,0,0,0,0,0,0,0,1,0,0,1,0,0,0,0
366,1,1,0.7486805730082935,1,0,0.8919466569542579,0,0,1,0,0,0,1,0,0,0,1,0,0,0,0,0,0,0,0,1,0,0,0,1,0,0,0
367,1,1,0.36792055349407915,0,0,0.7599784048811697,1,1,0,0,1,0,1,0,0,0,1,0,0,0,0,0,0,0,0,1,0,0,1,0,0,0,0
368,1,1,0.36792055349407915,0,0,0.7638971064490874,1,1,0,0,1,0,0,1,0,1,0,0,0,0,0,0,0,0,0,1,0,0,1,0,0,0,0
369,1,1,0.2963056044232219,0,0,0.8873065328492483,0,0,1,0,0,0,1,0,0,0,0,0,1,1,0,0,0,0,0,0,0,1,0,0,0,0,0
370,1,0,0.3088715757728072,1,0,0.8747381350143151,0,0,1,0,0,0,1,0,1,0,0,0,0,0,0,0,0,0,0,1,0,0,0,0,1,0,0
371,0,0,0.22090977632570996,1,0,0.753952432869761,0,1,0,0,1,1,0,0,1,0,0,0,0,0,0,0,0,0,0,1,0,0,1,0,0,0,0
372,0,0,0.23347574767529528,0,0,0.7660365515354954,0,1,0,0,1,1,0,0,1,0,0,0,0,0,0,0,0,0,0,1,0,0,1,0,0,0,0
373,0,0,0.2711736617240513,0,0,0.9251340450286972,0,1,1,0,0,0,1,0,1,0,0,0,0,1,0,0,0,0,0,0,0,0,1,0,0,0,0
374,0,1,0.032420206081930136,3,1,0.8202513134020586,0,1,0,0,1,1,0,0,0,1,0,0,0,0,0,0,0,0,0,1,0,0,1,0,0,0,0
375,1,1,0.36792055349407915,1,0,0.8969029787179998,1,1,1,0,0,0,1,0,0,0,1,0,0,1,0,0,0,0,0,0,0,0,1,0,0,0,0
376,1,1,0.2711736617240513,0,0,0.7601402515608131,0,1,0,0,1,1,0,0,0,1,0,0,0,0,0,0,0,0,0,1,0,0,1,0,0,0,0
377,0,0,0.33400351847197784,0,2,0.950160674846285,0,0,1,0,0,0,1,0,1,0,0,0,0,0,0,0,0,0,0,1,0,0,1,0,0,0,0
378,0,0,0.24604171902488062,0,0,0.7268150241167324,0,1,0,0,1,0,1,0,1,0,0,0,0,0,0,0,0,0,0,1,0,0,1,0,0,0,0
379,0,0,0.23347574767529528,0,0,0.7640785299499153,0,1,0,0,1,1,0,0,1,0,0,0,0,0,0,0,0,0,0,1,0,0,1,0,0,0,0
380,1,1,0.5224930887157577,0,0,0.9542748907879305,0,1,1,0,0,0,1,0,0,1,0,0,0,1,0,0,0,0,0,0,0,0,1,0,0,0,0
381,1,1,0.007288263382759489,0,2,0.8038150886570068,0,1,0,0,1,0,1,0,0,1,0,0,0,0,0,0,0,0,0,1,0,0,1,0,0,0,0
382,0,0,0.39683337521990447,0,0,0.76515496937484,0,1,0,0,1,1,0,0,1,0,0,0,0,0,0,0,0,1,0,0,0,0,1,0,0,0,0
383,1,1,0.43453128926866047,1,0,0.8711279122546327,0,1,1,0,0,1,0,0,0,0,1,0,0,0,0,0,0,0,0,1,0,0,1,0,0,0,0
384,0,0,0.36792055349407915,0,0,0.7649470285882525,1,1,0,0,1,1,0,0,1,0,0,0,0,0,0,0,0,0,0,1,0,0,1,0,0,0,0
385,0,0,0.22090977632570996,0,0,0.8906211366609432,0,1,0,1,0,1,0,0,1,0,0,0,0,0,0,0,0,0,0,1,0,0,1,0,0,0,0
386,0,0,0.007288263382759489,5,2,0.8653129818151835,0,1,0,0,1,1,0,0,0,0,0,1,0,0,1,0,0,0,0,0,0,0,1,0,0,0,0
387,1,1,0.4470972606182458,0,0,0.7930351818500888,0,1,0,1,0,1,0,0,0,1,0,0,0,0,0,0,0,0,0,1,0,0,1,0,0,0,0
388,0,0,0.36792055349407915,0,0,0.7637457155211675,1,1,0,0,1,0,0,1,1,0,0,0,0,0,0,0,0,0,0,1,0,0,1,0,0,0,0
389,1,1,0.20834380497612465,0,0,0.7885262179807319,0,1,0,1,0,0,1,0,0,1,0,0,0,0,0,0,0,0,0,1,0,0,1,0,0,0,0
390,1,0,0.4470972606182458,1,2,0.9182354472804429,0,0,1,0,0,1,0,0,1,0,0,0,0,0,0,0,0,0,0,1,0,1,0,0,0,0,0
391,1,0,0.2586076903744659,0,0,0.7642290302744151,0,1,0,0,1,1,0,0,1,0,0,0,0,0,0,0,0,0,0,1,0,0,1,0,0,0,0
392,0,0,0.3465694898215632,2,0,0.76515496937484,0,1,0,0,1,1,0,0,1,0,0,0,0,0,0,0,0,0,0,1,0,0,1,0,0,0,0
393,1,1,0.2837396330736366,1,0,0.9149865967100618,0,0,1,0,0,0,1,0,0,1,0,0,0,0,0,0,0,0,0,1,0,0,0,1,0,0,0
394,1,1,0.2963056044232219,0,2,0.8071440542584348,0,0,0,0,1,1,0,0,0,0,1,0,0,0,0,0,0,0,0,1,0,0,0,0,0,0,1
395,0,0,0.2711736617240513,0,0,0.7642290302744151,0,1,0,0,1,1,0,0,1,0,0,0,0,0,0,0,0,0,0,1,0,0,1,0,0,0,0
396,0,1,0.38426740387031916,0,0,0.7646494521384078,0,1,0,0,1,1,0,0,0,1,0,0,0,0,0,0,0,0,0,1,0,0,1,0,0,0,0
397,0,0,0.572756974114099,0,0,0.832081541635825,0,1,0,1,0,1,0,0,1,0,0,0,0,0,0,0,0,0,0,1,0,0,1,0,0,0,0
398,0,0,0.2837396330736366,0,0,0.7810041314887518,0,1,0,1,0,1,0,0,0,0,0,0,1,0,0,0,0,0,0,1,0,0,1,0,0,0,0
399,1,1,0.3465694898215632,0,0,0.7914977615196336,0,1,0,1,0,1,0,0,0,0,1,0,0,0,0,0,0,0,0,1,0,0,1,0,0,0,0
400,1,0,0.4847951746670017,0,0,0.76515496937484,0,1,0,0,1,1,0,0,1,0,0,0,0,0,0,0,0,1,0,0,0,0,1,0,0,0,0
401,0,0,0.32143754712239253,0,0,0.7660365515354954,0,1,0,0,1,1,0,0,1,0,0,0,0,0,0,0,0,0,0,1,0,0,1,0,0,0,0
402,0,1,0.2586076903744659,1,0,0.7772611484470091,0,1,0,0,1,1,0,0,0,1,0,0,0,0,0,0,0,0,0,1,0,0,1,0,0,0,0
403,0,0,0.3465694898215632,1,0,0.804201315286052,0,1,0,0,1,1,0,0,1,0,0,0,0,0,0,0,0,0,0,1,0,0,1,0,0,0,0
404,0,1,0.24604171902488062,0,0,0.7701674453945859,0,1,0,0,1,1,0,0,0,1,0,0,0,0,0,0,0,0,0,1,0,0,1,0,0,0,0
405,0,0,0.42196531791907516,1,0,0.8200504861158846,0,1,0,1,0,1,0,0,1,0,0,0,0,0,0,0,0,0,0,1,0,0,1,0,0,0,0
406,0,0,0.6355868308620256,0,0,0.7638971064490874,0,1,0,0,1,1,0,0,1,0,0,0,0,0,0,0,0,0,0,1,0,0,1,0,0,0,0
407,1,0,0.032420206081930136,1,1,0.8136664554672386,0,1,0,1,0,1,0,0,0,0,0,1,0,0,0,0,0,0,0,1,0,0,1,0,0,0,0
408,0,0,0.2586076903744659,0,0,0.7640785299499153,0,1,0,0,1,1,0,0,1,0,0,0,0,0,0,0,0,0,0,1,0,0,1,0,0,0,0
409,0,1,0.36792055349407915,3,1,0.8309140710053393,1,1,0,0,1,1,0,0,0,1,0,0,0,0,0,0,0,0,0,1,0,0,1,0,0,0,0
410,0,0,0.36792055349407915,0,0,0.7649470285882525,1,1,0,0,1,1,0,0,1,0,0,0,0,0,0,0,0,0,0,1,0,0,1,0,0,0,0
411,0,0,0.36792055349407915,0,0,0.7570114701471687,1,1,0,0,1,0,0,1,1,0,0,0,0,0,0,0,0,0,0,1,0,0,1,0,0,0,0
412,1,1,0.4093993465694898,1,0,0.9020297363315426,0,0,1,0,0,0,0,1,0,1,0,0,0,0,0,0,0,0,0,1,0,0,1,0,0,0,0
413,0,0,0.36792055349407915,0,0,0.0,1,1,0,1,0,1,0,0,1,0,0,0,0,0,0,0,0,0,0,1,0,0,1,0,0,0,0
414,1,0,0.5476250314149284,0,0,0.76515496937484,0,1,0,0,1,1,0,0,1,0,0,0,0,0,0,0,0,1,0,0,0,0,1,0,0,0,0
415,0,1,0.36792055349407915,0,0,0.7660365515354954,1,1,0,0,1,1,0,0,0,0,1,0,0,0,0,0,0,0,0,1,0,0,1,0,0,0,0
416,1,1,0.42196531791907516,1,1,0.8446516644956449,0,1,0,1,0,1,0,0,0,0,1,0,0,0,0,0,0,0,0,1,0,0,1,0,0,0,0
417,1,1,0.22090977632570996,0,2,0.7930351818500888,0,1,0,1,0,1,0,0,0,1,0,0,0,0,0,0,0,0,0,1,0,0,1,0,0,0,0
418,0,0,0.37170143252073384,0,0,0.7930351818500888,0,1,0,1,0,1,0,0,1,0,0,0,0,0,0,0,0,0,0,1,0,0,1,0,0,0,0
419,0,1,0.12038200552902739,0,2,0.8279235552738496,0,1,0,0,1,1,0,0,0,1,0,0,0,0,0,0,0,0,0,1,0,0,1,0,0,0,0
420,0,0,0.36792055349407915,0,0,0.7649470285882525,1,1,0,0,1,0,1,0,1,0,0,0,0,0,0,0,0,0,0,1,0,0,1,0,0,0,0
421,0,0,0.2586076903744659,0,0,0.7637755892145943,0,1,0,0,1,0,0,1,1,0,0,0,0,0,0,1,0,0,0,0,0,0,1,0,0,0,0
422,0,0,0.35913546117114853,0,0,0.7647984368582348,0,1,0,0,1,1,0,0,1,0,0,0,0,0,0,0,0,0,0,1,0,0,1,0,0,0,0
423,0,1,0.3465694898215632,1,1,0.7987967519020024,0,1,0,0,1,1,0,0,0,0,1,0,0,0,0,0,0,0,0,1,0,0,1,0,0,0,0
424,0,0,0.22090977632570996,1,1,0.8178974090021565,0,1,0,0,1,1,0,0,1,0,0,0,0,0,0,0,0,0,0,1,0,0,1,0,0,0,0
425,0,0,0.36792055349407915,0,0,0.7601402515608131,1,1,0,0,1,1,0,0,1,0,0,0,0,0,0,0,0,0,0,1,0,0,1,0,0,0,0
426,1,1,0.3465694898215632,1,0,0.832081541635825,0,1,0,1,0,1,0,0,0,0,1,0,0,0,0,0,0,0,0,1,0,0,1,0,0,0,0
427,1,1,0.23347574767529528,0,0,0.832081541635825,0,1,0,1,0,1,0,0,0,1,0,0,0,0,0,0,0,0,0,1,0,0,1,0,0,0,0
428,0,0,0.36792055349407915,0,0,0.7638971064490874,1,1,0,0,1,0,0,1,1,0,0,0,0,0,0,0,0,0,0,1,0,0,1,0,0,0,0
429,1,0,0.39683337521990447,0,0,0.7660365515354954,0,0,0,0,1,1,0,0,1,0,0,0,0,0,0,0,1,0,0,0,0,0,0,0,1,0,0
430,1,0,0.3465694898215632,0,0,0.8332607511911245,0,0,1,0,0,1,0,0,1,0,0,0,0,0,0,0,0,0,0,1,0,0,1,0,0,0,0
431,1,1,0.36792055349407915,1,0,0.8050828979985807,1,1,0,0,1,1,0,0,0,0,1,0,0,0,0,0,0,0,0,1,0,0,1,0,0,0,0
432,1,1,0.5224930887157577,1,0,0.832081541635825,0,1,0,1,0,1,0,0,0,0,1,0,0,0,0,0,0,0,0,1,0,0,1,0,0,0,0
433,0,0,0.20834380497612465,0,0,0.7591605409102807,0,1,0,0,1,1,0,0,1,0,0,0,0,0,0,0,0,1,0,0,0,0,1,0,0,0,0
434,0,0,0.6230208595124404,1,0,0.8752018805173783,0,0,1,0,0,1,0,0,1,0,0,0,0,0,0,0,0,0,0,1,0,0,0,0,1,0,0
435,1,1,0.17064589092736868,1,2,0.9182354472804429,0,0,1,0,0,1,0,0,0,1,0,0,0,0,0,0,0,0,0,1,0,1,0,0,0,0,0
436,0,1,0.2586076903744659,2,2,0.8478112965570442,0,1,0,0,1,1,0,0,0,1,0,0,0,0,0,0,0,0,1,0,0,0,1,0,0,0,0
437,1,1,0.2963056044232219,2,3,0.8136664554672386,0,1,0,1,0,1,0,0,0,0,1,0,0,0,0,0,0,0,0,1,0,0,1,0,0,0,0
438,0,0,0.7989444584066349,1,4,0.9624370572021521,0,0,1,0,0,1,0,0,1,0,0,0,0,0,0,0,0,0,0,1,0,0,1,0,0,0,0
439,0,0,0.38426740387031916,0,0,0.7810041314887518,0,1,0,1,0,1,0,0,1,0,0,0,0,0,1,0,0,0,0,0,0,0,1,0,0,0,0
440,1,1,0.5601910027645137,1,1,0.8326206079439833,0,1,0,1,0,1,0,0,0,0,1,0,0,0,0,0,0,0,0,1,0,0,1,0,0,0,0
441,0,0,0.24604171902488062,0,0,0.7753662336583621,0,1,0,0,1,1,0,0,1,0,0,0,0,0,0,0,0,0,0,1,0,0,1,0,0,0,0
442,0,0,0.3088715757728072,1,0,0.7640785299499153,0,1,0,0,1,1,0,0,1,0,0,0,0,0,0,0,0,0,0,1,0,0,1,0,0,0,0
443,1,1,0.3465694898215632,0,0,0.7930351818500888,0,1,0,1,0,1,0,0,0,0,0,0,1,0,0,0,0,0,0,1,0,0,1,0,0,0,0
444,1,0,0.36792055349407915,0,0,0.766472222316368,1,1,0,0,1,1,0,0,1,0,0,0,0,0,0,0,0,0,0,1,0,0,1,0,0,0,0
445,1,0,0.04498617743151546,0,2,0.8966883366126851,0,0,1,0,0,1,0,0,0,0,0,1,0,0,0,0,0,0,0,1,1,0,0,0,0,0,0
446,1,1,0.15807991957778336,0,1,0.8158758363441974,0,1,0,1,0,1,0,0,0,1,0,0,0,0,0,0,0,0,0,1,0,0,1,0,0,0,0
447,1,0,0.42196531791907516,0,0,0.8332607511911245,0,1,1,0,0,1,0,0,1,0,0,0,0,0,0,0,0,0,0,1,0,0,1,0,0,0,0
448,1,1,0.05755214878110078,2,1,0.81517324521291,0,1,0,0,1,0,1,0,0,1,0,0,0,0,0,0,0,0,0,1,0,0,1,0,0,0,0
449,1,0,0.648152802211611,0,0,0.8410738271345839,0,0,1,0,0,1,0,0,0,0,0,0,1,0,0,0,0,0,0,1,0,0,1,0,0,0,0
450,0,0,0.4470972606182458,1,2,0.835750968799839,0,1,0,1,0,1,0,0,1,0,0,0,0,0,1,0,0,0,0,0,0,0,1,0,0,0,0
451,0,0,0.36792055349407915,1,0,0.8172081679730355,1,1,0,0,1,1,0,0,1,0,0,0,0,0,0,0,0,0,0,1,0,0,1,0,0,0,0
452,0,0,0.37170143252073384,0,0,0.835750968799839,0,0,1,0,0,0,1,0,1,0,0,0,0,0,0,0,0,0,0,1,0,0,1,0,0,0,0
453,1,0,0.610454888162855,1,0,0.9014662359841376,0,0,1,0,0,0,1,0,1,0,0,0,0,0,0,0,0,0,0,1,0,0,1,0,0,0,0
454,0,0,0.36792055349407915,0,0,0.7660365515354954,1,1,0,0,1,1,0,0,1,0,0,0,0,0,0,1,0,0,0,0,0,0,1,0,0,0,0
455,1,0,0.35913546117114853,0,0,0.7649470285882525,0,1,0,0,1,0,1,0,1,0,0,0,0,0,0,0,0,0,0,1,0,0,1,0,0,0,0
456,0,0,0.8115104297562201,0,0,0.8332607511911245,0,0,1,0,0,1,0,0,1,0,0,0,0,0,0,0,0,0,0,1,0,0,0,0,1,0,0
457,1,1,0.36792055349407915,1,0,0.8709787601370682,1,0,1,0,0,1,0,0,0,0,1,0,0,0,0,0,0,0,0,1,0,0,0,1,0,0,0
458,1,1,0.6230208595124404,0,0,0.7810041314887518,0,1,0,1,0,1,0,0,0,1,0,0,0,0,0,0,0,0,0,1,0,0,1,0,0,0,0
459,0,0,0.36792055349407915,0,0,0.7638971064490874,1,1,0,0,1,0,0,1,1,0,0,0,0,0,0,0,0,0,0,1,0,0,1,0,0,0,0
460,1,0,0.5978889168132696,0,0,0.8332607511911245,0,0,1,0,0,1,0,0,1,0,0,0,0,0,0,0,0,0,0,1,0,0,0,0,1,0,0
461,0,0,0.42196531791907516,0,0,0.7660365515354954,0,1,0,0,1,1,0,0,1,0,0,0,0,0,0,0,0,0,0,1,0,0,1,0,0,0,0
462,0,0,0.5853229454636844,0,0,0.8541953286688585,0,0,1,0,0,1,0,0,1,0,0,0,0,0,0,0,0,0,0,1,0,0,0,0,1,0,0
463,0,0,0.5978889168132696,0,0,0.7930351818500888,0,1,0,1,0,1,0,0,1,0,0,0,0,0,0,0,0,0,0,1,0,0,1,0,0,0,0
464,0,0,0.36792055349407915,0,0,0.7660365515354954,1,1,0,0,1,1,0,0,1,0,0,0,0,0,0,0,0,0,0,1,0,0,1,0,0,0,0
465,0,0,0.4722292033174164,0,0,0.7585644301475516,0,1,0,0,1,1,0,0,1,0,0,0,0,0,0,0,1,0,0,0,0,0,1,0,0,0,0
466,0,0,0.36792055349407915,0,0,0.0,1,1,0,1,0,1,0,0,1,0,0,0,0,0,0,0,0,0,0,1,0,0,1,0,0,0,0
467,0,0,0.6984166876099522,0,0,0.8332607511911245,0,1,1,0,0,1,0,0,1,0,0,0,0,0,0,0,0,0,0,1,0,0,1,0,0,0,0
468,0,0,0.36792055349407915,0,0,0.7637150967654435,1,1,0,0,1,0,0,1,1,0,0,0,0,0,0,0,0,0,0,1,0,0,1,0,0,0,0
469,1,1,0.004146770545363157,2,1,0.81517324521291,0,1,0,0,1,0,1,0,0,1,0,0,0,0,0,0,0,0,0,1,0,0,1,0,0,0,0
470,0,0,0.36792055349407915,0,0,0.7601402515608131,1,1,0,0,1,1,0,0,1,0,0,0,0,0,0,0,0,0,0,1,0,0,1,0,0,0,0
471,0,0,0.4722292033174164,0,0,0.7701674453945859,0,1,0,0,1,1,0,0,1,0,0,0,0,0,0,0,0,0,0,1,0,0,1,0,0,0,0
472,1,1,0.4093993465694898,1,2,0.835750968799839,0,1,0,1,0,1,0,0,0,0,1,0,0,0,1,0,0,0,0,0,0,0,1,0,0,0,0
473,1,1,0.2837396330736366,0,0,0.796365393493068,0,0,0,1,0,0,1,0,0,0,1,0,0,0,0,0,0,0,0,1,0,0,0,1,0,0,0
474,0,1,0.2711736617240513,0,0,0.777332772059438,0,1,0,0,1,1,0,0,0,1,0,0,0,0,0,0,0,0,0,1,0,0,1,0,0,0,0
475,0,0,0.36792055349407915,0,0,0.8711279122546327,1,0,1,0,0,1,0,0,1,0,0,0,0,0,0,0,0,0,0,1,1,0,0,0,0,0,0
476,0,0,0.42196531791907516,1,0,0.8200504861158846,0,1,0,1,0,1,0,0,1,0,0,0,0,0,0,0,0,0,0,1,0,0,1,0,0,0,0
477,0,0,0.35913546117114853,1,0,0.7585308606929586,0,1,0,0,1,1,0,0,1,0,0,0,0,0,0,0,0,0,0,1,0,0,1,0,0,0,0
478,0,0,0.2711736617240513,0,0,0.762206002915682,0,1,0,0,1,1,0,0,1,0,0,0,0,0,0,0,0,0,0,1,0,0,1,0,0,0,0
479,1,1,0.01985423473234481,0,1,0.7898599245526635,0,1,0,0,1,1,0,0,0,1,0,0,0,0,0,0,0,0,0,1,0,0,1,0,0,0,0
480,0,0,0.10781603417944208,5,2,0.8653129818151835,0,1,0,0,1,1,0,0,0,0,0,1,0,0,1,0,0,0,0,0,0,0,1,0,0,0,0
481,0,0,0.36792055349407915,0,0,0.0,1,1,0,1,0,1,0,0,1,0,0,0,0,0,0,0,0,0,0,1,0,0,1,0,0,0,0
482,0,0,0.6230208595124404,0,0,0.7660365515354954,0,1,0,0,1,1,0,0,1,0,0,0,0,0,0,1,0,0,0,0,0,0,1,0,0,0,0
483,1,1,0.7863784870570495,0,0,0.7758827058197459,0,1,0,0,1,1,0,0,0,0,1,0,0,0,0,0,0,0,0,1,0,0,1,0,0,0,0
484,1,0,0.3088715757728072,1,0,0.902701201966744,0,0,1,0,0,0,1,0,1,0,0,0,0,0,0,0,0,0,0,1,0,1,0,0,0,0,0
485,0,1,0.36792055349407915,3,1,0.8309140710053393,1,1,0,0,1,1,0,0,0,1,0,0,0,0,0,0,0,0,0,1,0,0,1,0,0,0,0
486,1,1,0.43453128926866047,1,0,0.9020297363315426,0,0,1,0,0,1,0,0,0,0,1,0,0,0,0,0,0,0,0,1,0,0,1,0,0,0,0
487,0,0,0.7235486303091229,0,0,0.8395765429201405,0,0,1,0,0,0,1,0,1,0,0,0,0,0,0,0,0,0,0,1,0,1,0,0,0,0,0
488,0,0,0.37170143252073384,0,0,0.7660365515354954,0,1,0,0,1,1,0,0,1,0,0,0,0,0,0,1,0,0,0,0,0,0,1,0,0,0,0
489,1,0,0.10781603417944208,1,1,0.8043787390087873,0,1,0,0,1,1,0,0,0,0,0,1,0,0,1,0,0,0,0,0,0,0,1,0,0,0,0
490,0,0,0.36792055349407915,1,0,0.8172081679730355,1,1,0,0,1,1,0,0,1,0,0,0,0,0,0,0,0,0,0,1,0,0,1,0,0,0,0
491,0,0,0.2586076903744659,0,0,0.7601402515608131,0,1,0,0,1,1,0,0,1,0,0,0,0,0,0,0,1,0,0,0,0,0,1,0,0,0,0
492,0,0,0.6858507162603669,0,0,0.8410738271345839,0,0,1,0,0,1,0,0,1,0,0,0,0,0,0,0,0,0,0,1,0,0,1,0,0,0,0
493,0,0,0.8869062578537321,0,0,0.8683571545229595,0,1,1,0,0,0,1,0,1,0,0,0,0,1,0,0,0,0,0,0,0,0,1,0,0,0,0
494,0,0,0.2586076903744659,0,0,0.7660365515354954,0,1,0,0,1,1,0,0,1,0,0,0,0,0,0,0,0,0,0,1,0,0,1,0,0,0,0
495,0,0,0.36792055349407915,0,0,0.7990243577560828,1,1,0,0,1,0,1,0,1,0,0,0,0,0,0,0,0,0,0,1,0,0,1,0,0,0,0
496,1,1,0.6732847449107816,1,0,0.8941608611922619,0,0,1,0,0,0,1,0,0,1,0,0,0,0,0,0,0,0,0,1,0,0,0,1,0,0,0
497,0,0,0.36792055349407915,0,0,0.8014706360556143,1,1,0,0,1,1,0,0,1,0,0,0,0,0,1,0,0,0,0,0,0,0,1,0,0,0,0
498,0,1,0.3088715757728072,1,2,0.9313846841004707,0,0,1,0,0,1,0,0,0,0,1,0,0,0,0,0,0,0,0,1,0,0,1,0,0,0,0
499,0,0,0.2963056044232219,0,0,0.7642290302744151,0,1,0,0,1,1,0,0,1,0,0,0,0,0,0,0,0,0,0,1,0,0,1,0,0,0,0
500,0,0,0.20834380497612465,0,0,0.7701674453945859,0,1,0,0,1,1,0,0,1,0,0,0,0,0,0,0,0,0,0,1,0,0,1,0,0,0,0
501,0,1,0.2586076903744659,0,0,0.7638971064490874,0,1,0,0,1,0,0,1,0,1,0,0,0,0,0,0,0,0,0,1,0,0,1,0,0,0,0
502,0,1,0.36792055349407915,0,0,0.7630121398414201,1,1,0,0,1,0,0,1,0,1,0,0,0,0,0,0,0,0,0,1,0,0,1,0,0,0,0
503,0,1,0.4596632319678311,0,0,0.7758827058197459,0,1,0,0,1,1,0,0,0,1,0,0,0,0,0,0,0,0,0,1,0,0,1,0,0,0,0
504,1,1,0.19577783362653933,0,0,0.8997953125332826,0,0,1,0,0,1,0,0,0,1,0,0,0,0,0,0,0,0,0,1,0,1,0,0,0,0,0
505,0,0,0.22090977632570996,1,0,0.912767765323887,0,0,1,0,0,0,1,0,1,0,0,0,0,1,0,0,0,0,0,0,0,0,1,0,0,0,0
506,1,1,0.4093993465694898,0,2,0.832081541635825,0,1,0,1,0,1,0,0,0,0,1,0,0,0,0,0,0,0,0,1,0,0,1,0,0,0,0
507,1,0,0.36792055349407915,0,0,0.8332607511911245,1,1,1,0,0,1,0,0,1,0,0,0,0,0,0,0,0,0,0,1,0,0,1,0,0,0,0
508,0,0,0.3465694898215632,0,0,0.8239995485645201,0,1,0,0,1,1,0,0,1,0,0,0,0,0,0,0,0,0,0,1,0,0,1,0,0,0,0
509,1,0,0.32143754712239253,0,0,0.8757991079305424,0,1,0,0,1,1,0,0,1,0,0,0,0,0,0,0,0,0,0,1,0,0,1,0,0,0,0
510,1,0,0.35913546117114853,0,0,0.7638971064490874,0,1,0,0,1,0,0,1,1,0,0,0,0,0,0,0,0,0,0,1,0,0,1,0,0,0,0
511,0,0,0.36792055349407915,0,0,0.7660365515354954,1,1,0,0,1,1,0,0,1,0,0,0,0,0,0,0,1,0,0,0,0,0,1,0,0,0,0
512,1,0,0.4470972606182458,0,0,0.8327010248019524,0,0,1,0,0,1,0,0,1,0,0,0,0,1,0,0,0,0,0,0,0,0,0,0,1,0,0
513,1,1,0.6732847449107816,1,0,0.8786229148885232,0,1,1,0,0,0,1,0,0,0,1,0,0,1,0,0,0,0,0,0,0,0,1,0,0,0,0
514,0,0,0.2963056044232219,0,0,0.7620184371621062,0,1,0,0,1,1,0,0,1,0,0,0,0,0,0,0,0,0,0,1,0,0,1,0,0,0,0
515,0,0,0.5853229454636844,0,0,0.8472278404285862,0,0,1,0,0,1,0,0,1,0,0,0,0,0,0,0,0,0,0,1,0,0,0,1,0,0,0
516,1,1,0.42196531791907516,0,0,0.7810041314887518,0,0,0,1,0,1,0,0,0,0,1,0,0,0,1,0,0,0,0,0,0,0,0,0,0,1,0
517,0,0,0.36792055349407915,0,0,0.8279235552738496,1,1,0,0,1,0,0,1,1,0,0,0,0,0,0,0,0,0,0,1,0,0,1,0,0,0,0
518,1,1,0.4470972606182458,1,0,0.832081541635825,0,1,0,1,0,1,0,0,0,0,1,0,0,0,0,0,0,0,0,1,0,0,1,0,0,0,0
519,0,0,0.39683337521990447,0,0,0.7649470285882525,0,1,0,0,1,1,0,0,1,0,0,0,0,0,0,0,0,0,0,1,0,0,1,0,0,0,0
520,1,1,0.37170143252073384,0,0,0.9041789021743605,0,0,1,0,0,1,0,0,0,1,0,0,0,0,0,0,0,0,0,1,0,1,0,0,0,0,0
521,0,0,0.2711736617240513,0,0,0.7649470285882525,0,1,0,0,1,1,0,0,1,0,0,0,0,0,0,0,0,0,0,1,0,0,1,0,0,0,0
522,0,0,0.36792055349407915,0,0,0.7599456677989367,1,1,0,0,1,0,1,0,1,0,0,0,0,0,0,0,0,0,0,1,0,0,1,0,0,0,0
523,1,1,0.5476250314149284,0,1,0.8772591224816424,0,0,1,0,0,0,1,0,0,0,1,0,0,0,0,0,0,0,0,1,0,1,0,0,0,0,0
524,0,0,0.36792055349407915,0,0,0.7599784048811697,1,1,0,0,1,0,1,0,1,0,0,0,0,0,0,0,0,0,0,1,0,0,1,0,0,0,0
525,0,0,0.5036441316913798,0,0,0.7638971064490874,0,1,0,0,1,0,0,1,1,0,0,0,0,0,0,0,0,0,0,1,0,0,1,0,0,0,0
526,1,1,0.6230208595124404,0,0,0.7810041314887518,0,1,0,1,0,1,0,0,0,1,0,0,0,0,0,0,0,0,1,0,0,0,1,0,0,0,0
527,0,0,0.36792055349407915,0,0,0.9528340399913772,1,0,1,0,0,1,0,0,1,0,0,0,0,1,0,0,0,0,0,0,0,0,1,0,0,0,0
528,0,0,0.4847951746670017,0,0,0.76515496937484,0,1,0,0,1,1,0,0,1,0,0,0,0,0,0,0,0,0,0,1,0,0,1,0,0,0,0
529,0,0,0.2837396330736366,2,1,0.7861287509334357,0,1,0,1,0,1,0,0,1,0,0,0,0,0,0,0,0,0,0,1,0,0,1,0,0,0,0
530,1,1,0.01985423473234481,1,1,0.832081541635825,0,1,0,1,0,1,0,0,0,1,0,0,0,0,0,0,0,0,0,1,0,0,1,0,0,0,0
531,0,0,0.36792055349407915,0,0,0.7599784048811697,1,1,0,0,1,0,1,0,1,0,0,0,0,0,0,0,0,0,0,1,0,0,1,0,0,0,0
532,0,0,0.20834380497612465,1,1,0.7599784048811697,0,1,0,0,1,0,1,0,1,0,0,0,0,0,0,0,0,0,0,1,0,0,1,0,0,0,0
533,1,1,0.36792055349407915,0,2,0.8235811039815092,1,1,0,0,1,0,1,0,0,0,1,0,0,0,0,0,0,0,0,1,0,0,1,0,0,0,0
534,0,1,0.37170143252073384,0,0,0.7701674453945859,0,1,0,0,1,1,0,0,0,1,0,0,0,0,0,0,0,0,0,1,0,0,1,0,0,0,0
535,1,1,0.08268409148027142,0,2,0.8326206079439833,0,1,0,1,0,1,0,0,0,1,0,0,0,0,0,0,0,0,0,1,0,0,1,0,0,0,0
536,0,0,0.5601910027645137,0,0,0.8332607511911245,0,0,1,0,0,1,0,0,0,0,0,0,1,0,0,0,0,0,0,1,0,1,0,0,0,0,0
537,1,1,0.37170143252073384,0,0,0.9114727194234086,0,1,1,0,0,0,1,0,0,1,0,0,0,1,0,0,0,0,0,0,0,0,1,0,0,0,0
538,0,0,0.36792055349407915,0,0,0.7991865941630691,1,1,0,0,1,1,0,0,1,0,0,0,0,0,0,0,0,0,0,1,0,0,1,0,0,0,0
539,1,1,0.2711736617240513,0,2,0.8683523750400676,0,0,1,0,0,0,1,0,0,1,0,0,0,0,0,0,0,0,0,1,0,1,0,0,0,0,0
540,1,1,0.4470972606182458,0,2,0.888671737538438,0,0,1,0,0,1,0,0,0,1,0,0,0,0,0,0,0,0,0,1,0,1,0,0,0,0,0
541,0,1,0.10781603417944208,4,2,0.8424873307421354,0,1,0,0,1,1,0,0,0,1,0,0,0,0,0,0,0,0,0,1,0,0,1,0,0,0,0
542,0,1,0.13294797687861273,4,2,0.8424873307421354,0,1,0,0,1,1,0,0,0,1,0,0,0,0,0,0,0,0,0,1,0,0,1,0,0,0,0
543,1,0,0.39683337521990447,1,0,0.832081541635825,0,1,0,1,0,1,0,0,1,0,0,0,0,0,0,0,0,0,0,1,0,0,1,0,0,0,0
544,0,0,0.6230208595124404,1,0,0.9114727194234086,0,0,1,0,0,0,1,0,1,0,0,0,0,1,0,0,0,0,0,0,0,0,1,0,0,0,0
545,0,0,0.7989444584066349,0,0,0.832081541635825,0,1,1,0,0,1,0,0,1,0,0,0,0,0,0,0,0,0,0,1,0,0,1,0,0,0,0
546,1,1,0.23347574767529528,1,0,0.832081541635825,0,1,0,1,0,1,0,0,0,0,1,0,0,0,0,0,0,0,0,1,0,0,1,0,0,0,0
547,1,0,0.36792055349407915,0,0,0.7966538352421089,1,1,0,1,0,0,1,0,1,0,0,0,0,0,0,0,0,0,0,1,0,0,1,0,0,0,0
548,0,0,0.4093993465694898,1,1,0.8187616786895388,0,1,0,0,1,1,0,0,1,0,0,0,0,0,0,0,0,0,0,1,0,0,1,0,0,0,0
549,1,0,0.09525006282985675,1,1,0.8515747628732766,0,1,0,1,0,1,0,0,0,0,0,1,0,0,1,0,0,0,0,0,0,0,1,0,0,0,0
550,1,0,0.20834380497612465,0,2,0.9137844605829551,0,0,1,0,0,0,1,0,1,0,0,0,0,0,0,0,0,0,0,1,0,0,1,0,0,0,0
551,0,0,0.33400351847197784,0,0,0.832081541635825,0,1,0,1,0,1,0,0,1,0,0,0,0,0,0,0,0,0,0,1,0,0,1,0,0,0,0
552,0,0,0.36792055349407915,0,0,0.7644698609886525,1,1,0,0,1,0,0,1,1,0,0,0,0,0,0,0,0,0,0,1,0,0,1,0,0,0,0
553,1,0,0.2711736617240513,0,0,0.7599456677989367,0,1,0,0,1,0,1,0,1,0,0,0,0,0,0,0,0,0,0,1,0,0,1,0,0,0,0
554,1,1,0.2711736617240513,0,0,0.7640785299499153,0,1,0,0,1,1,0,0,0,1,0,0,0,0,0,0,0,0,0,1,0,0,1,0,0,0,0
555,0,0,0.7738125157074642,0,0,0.8332607511911245,0,1,1,0,0,1,0,0,1,0,0,0,0,0,0,0,0,0,0,1,0,0,1,0,0,0,0
556,1,1,0.5978889168132696,1,0,0.8557822506920676,0,0,1,0,0,0,1,0,0,0,0,0,1,0,0,0,0,0,0,1,1,0,0,0,0,0,0
557,0,0,0.36792055349407915,0,0,0.9542748907879305,1,1,1,0,0,0,1,0,1,0,0,0,0,1,0,0,0,0,0,0,0,0,1,0,0,0,0
558,1,1,0.4847951746670017,1,1,0.8951477874363317,0,0,1,0,0,1,0,0,0,0,1,0,0,0,0,0,0,0,0,1,0,0,0,0,1,0,0
559,1,1,0.4470972606182458,1,0,0.8094571294332846,0,1,0,0,1,1,0,0,0,0,1,0,0,0,0,0,0,0,0,1,0,0,1,0,0,0,0
560,0,0,0.36792055349407915,0,0,0.7638971064490874,1,1,0,0,1,0,0,1,1,0,0,0,0,0,0,0,0,0,0,1,0,0,1,0,0,0,0
561,0,0,0.4973611460165871,0,0,0.7649470285882525,0,1,0,0,1,1,0,0,1,0,0,0,0,0,0,0,0,0,0,1,0,0,1,0,0,0,0
562,0,0,0.3465694898215632,0,0,0.7951611691893368,0,1,0,1,0,1,0,0,1,0,0,0,0,0,0,0,0,0,0,1,0,0,1,0,0,0,0
563,0,0,0.36792055349407915,0,0,0.7660365515354954,1,1,0,0,1,1,0,0,1,0,0,0,0,0,0,0,1,0,0,0,0,0,1,0,0,0,0
564,0,1,0.36792055349407915,0,0,0.7660365515354954,1,1,0,0,1,1,0,0,0,1,0,0,0,0,0,0,1,0,0,0,0,0,1,0,0,0,0
565,0,0,0.2963056044232219,2,0,0.8279235552738496,0,1,0,0,1,1,0,0,1,0,0,0,0,0,0,0,0,0,0,1,0,0,1,0,0,0,0
566,0,0,0.23347574767529528,0,0,0.7649470285882525,0,1,0,0,1,1,0,0,1,0,0,0,0,0,0,0,0,0,0,1,0,0,1,0,0,0,0
567,0,1,0.35913546117114853,0,4,0.8202513134020586,0,1,0,0,1,1,0,0,0,0,1,0,0,0,0,0,0,0,0,1,0,0,1,0,0,0,0
568,0,0,0.36792055349407915,0,0,0.7599784048811697,1,1,0,0,1,0,1,0,1,0,0,0,0,0,0,0,0,0,0,1,0,0,1,0,0,0,0
569,1,0,0.39683337521990447,0,0,0.7646494521384078,0,1,0,0,1,1,0,0,1,0,0,0,0,0,0,0,0,0,0,1,0,0,1,0,0,0,0
570,1,0,0.7738125157074642,0,0,0.7810041314887518,0,1,0,1,0,1,0,0,1,0,0,0,0,0,0,0,0,0,0,1,0,0,1,0,0,0,0
571,1,1,0.6607187735611962,2,0,0.8705608812277423,0,0,1,0,0,1,0,0,0,0,1,0,0,0,0,0,0,0,0,1,0,0,1,0,0,0,0
572,1,0,0.4470972606182458,0,0,0.8329149102017488,0,0,1,0,0,1,0,0,1,0,0,0,0,1,0,0,0,0,0,0,0,0,0,0,1,0,0
573,1,1,0.36792055349407915,0,0,0.7638971064490874,1,1,0,0,1,0,0,1,0,1,0,0,0,0,0,0,0,0,0,1,0,0,1,0,0,0,0
574,0,0,0.19577783362653933,0,0,0.7660365515354954,0,1,0,0,1,1,0,0,1,0,0,0,0,0,0,0,0,0,0,1,0,0,1,0,0,0,0
575,0,0,0.23347574767529528,0,0,0.7991865941630691,0,1,0,0,1,1,0,0,1,0,0,0,0,0,0,0,0,0,0,1,0,0,1,0,0,0,0
576,1,1,0.42196531791907516,0,0,0.7930351818500888,0,1,0,1,0,1,0,0,0,1,0,0,0,0,0,0,0,0,0,1,0,0,1,0,0,0,0
577,1,1,0.4847951746670017,1,0,0.8752018805173783,0,0,1,0,0,1,0,0,0,0,1,0,0,0,0,0,0,0,0,1,0,0,0,0,1,0,0
578,0,1,0.36792055349407915,1,0,0.7990243577560828,1,1,0,0,1,0,1,0,0,0,1,0,0,0,0,0,0,0,0,1,0,0,1,0,0,0,0
579,1,0,0.39683337521990447,0,0,0.76515496937484,0,1,0,0,1,1,0,0,1,0,0,0,0,0,0,0,0,1,0,0,0,0,1,0,0,0,0
580,1,1,0.3088715757728072,1,1,0.840142698459674,0,1,0,1,0,1,0,0,0,1,0,0,0,0,0,0,0,0,0,1,0,0,1,0,0,0,0
581,1,1,0.4847951746670017,1,1,0.9137844605829551,0,0,1,0,0,0,1,0,0,0,1,0,0,0,0,0,0,0,0,1,0,0,1,0,0,0,0
582,0,0,0.6732847449107816,0,0,0.832081541635825,0,1,0,1,0,1,0,0,1,0,0,0,0,0,0,0,0,0,0,1,0,0,1,0,0,0,0
583,0,0,0.4470972606182458,0,0,0.8565241693134166,0,0,1,0,0,0,1,0,1,0,0,0,0,0,0,0,0,0,0,1,1,0,0,0,0,0,0
584,0,0,0.36792055349407915,0,0,0.7704916589861881,1,1,0,0,1,0,1,0,1,0,0,0,0,0,0,0,0,0,0,1,0,0,1,0,0,0,0
585,1,1,0.22090977632570996,0,2,0.8951477874363317,0,0,1,0,0,1,0,0,0,1,0,0,0,0,0,0,0,0,0,1,0,0,0,0,1,0,0
586,0,0,0.5853229454636844,0,0,0.8010963357851194,0,1,0,1,0,1,0,0,1,0,0,0,0,0,0,0,0,0,0,1,0,0,1,0,0,0,0
587,1,0,0.7486805730082935,1,1,0.8948286250313257,0,0,1,0,0,0,1,0,1,0,0,0,0,0,0,0,0,0,0,1,0,1,0,0,0,0,0
588,0,0,0.2711736617240513,0,0,0.7660365515354954,0,1,0,0,1,1,0,0,1,0,0,0,0,0,0,0,0,0,0,1,0,0,1,0,0,0,0
589,0,0,0.36792055349407915,0,0,0.7660365515354954,1,1,0,0,1,1,0,0,1,0,0,0,0,0,0,1,0,0,0,0,0,0,1,0,0,0,0
590,0,0,0.43453128926866047,0,0,0.7591605409102807,0,1,0,0,1,1,0,0,1,0,0,0,0,0,0,0,0,1,0,0,0,0,1,0,0,0,0
591,1,1,0.648152802211611,1,0,0.8941608611922619,0,0,1,0,0,0,1,0,0,0,1,0,0,0,0,0,0,0,0,1,0,0,0,1,0,0,0
592,0,0,0.5853229454636844,0,0,0.7601402515608131,0,1,0,0,1,1,0,0,1,0,0,0,0,0,0,1,0,0,0,0,0,0,1,0,0,0,0
593,0,1,0.36792055349407915,0,2,0.7638971064490874,1,1,0,0,1,0,0,1,0,1,0,0,0,0,0,0,0,0,0,1,0,0,1,0,0,0,0
594,0,0,0.4596632319678311,1,0,0.832081541635825,0,1,0,1,0,1,0,0,1,0,0,0,0,0,0,0,0,0,0,1,0,0,1,0,0,0,0
595,0,0,0.4470972606182458,1,1,0.8279235552738496,0,1,0,0,1,1,0,0,1,0,0,0,0,0,0,0,0,0,0,1,0,0,1,0,0,0,0
596,1,1,0.36792055349407915,0,0,0.845511711791962,1,1,0,1,0,1,0,0,0,1,0,0,0,0,0,0,0,0,0,1,0,0,1,0,0,0,0
597,0,0,0.610454888162855,0,0,0.0,0,1,0,0,1,1,0,0,1,0,0,0,0,0,0,0,0,0,0,1,0,0,1,0,0,0,0
598,0,0,0.36792055349407915,0,0,0.7599456677989367,1,1,0,0,1,0,1,0,1,0,0,0,0,0,0,0,0,0,0,1,0,0,1,0,0,0,0
599,1,0,0.610454888162855,1,0,0.8762296023077257,0,0,1,0,0,0,1,0,0,0,0,0,1,1,0,0,0,0,0,0,1,0,0,0,0,0,0
600,1,1,0.2963056044232219,2,1,0.8342075297775224,0,1,0,1,0,1,0,0,0,0,1,0,0,0,0,0,0,0,0,1,0,0,1,0,0,0,0
601,0,0,0.36792055349407915,0,0,0.7649470285882525,1,1,0,0,1,1,0,0,1,0,0,0,0,0,0,0,0,0,0,1,0,0,1,0,0,0,0
602,0,0,0.36792055349407915,0,0,0.8596308108312708,1,1,1,0,0,1,0,0,1,0,0,0,0,0,0,0,0,0,0,1,0,0,1,0,0,0,0
603,0,0,0.5476250314149284,0,0,0.7660365515354954,0,1,0,0,1,1,0,0,1,0,0,0,0,0,0,0,0,0,0,1,0,0,1,0,0,0,0
604,1,0,0.43453128926866047,0,0,0.8332607511911245,0,1,1,0,0,0,1,0,1,0,0,0,0,0,0,0,0,0,0,1,0,0,1,0,0,0,0
605,0,0,0.4470972606182458,1,0,0.8031248751754557,0,1,0,0,1,1,0,0,1,0,0,0,0,0,0,0,0,0,0,1,0,0,1,0,0,0,0
606,0,0,0.37170143252073384,0,0,0.7649470285882525,0,1,0,0,1,1,0,0,1,0,0,0,0,0,0,0,0,0,0,1,0,0,1,0,0,0,0
607,1,0,0.33400351847197784,0,0,0.8410738271345839,0,1,1,0,0,1,0,0,1,0,0,0,0,0,0,0,0,0,0,1,0,0,1,0,0,0,0
608,1,1,0.2711736617240513,1,2,0.8585296147223325,0,1,0,1,0,0,1,0,0,0,1,0,0,0,0,0,0,0,0,1,0,0,1,0,0,0,0
609,1,1,0.4973611460165871,0,0,0.9320911233107276,0,0,1,0,0,1,0,0,0,1,0,0,0,1,0,0,0,0,0,0,0,0,1,0,0,0,0
610,0,1,0.4847951746670017,1,5,0.8424873307421354,0,1,0,0,1,1,0,0,0,0,1,0,0,0,0,0,0,0,0,1,0,0,1,0,0,0,0
611,0,0,0.36792055349407915,0,0,0.7585644301475516,1,1,0,0,1,1,0,0,1,0,0,0,0,0,0,0,1,0,0,0,0,0,1,0,0,0,0
612,1,1,0.36792055349407915,1,0,0.8029434515577688,1,1,0,0,1,0,0,1,0,1,0,0,0,0,0,0,0,0,0,1,0,0,1,0,0,0,0
613,0,0,0.36792055349407915,0,0,0.7638971064490874,1,1,0,0,1,0,0,1,1,0,0,0,0,0,0,0,0,0,0,1,0,0,1,0,0,0,0
614,0,0,0.43453128926866047,0,0,0.7660365515354954,0,1,0,0,1,1,0,0,1,0,0,0,0,0,0,0,0,0,0,1,0,0,1,0,0,0,0
615,1,1,0.2963056044232219,1,2,0.8836980372810677,0,1,0,1,0,1,0,0,0,1,0,0,0,0,0,0,0,0,0,1,0,0,1,0,0,0,0
616,0,0,0.42196531791907516,1,1,0.7987967519020024,0,1,0,0,1,1,0,0,1,0,0,0,0,0,0,0,0,0,0,1,0,0,1,0,0,0,0
617,0,1,0.32143754712239253,1,0,0.8050828979985807,0,1,0,0,1,1,0,0,0,0,1,0,0,0,0,1,0,0,0,0,0,0,1,0,0,0,0
618,1,1,0.04498617743151546,2,1,0.8549222033519805,0,0,0,1,0,1,0,0,0,1,0,0,0,0,0,0,0,0,0,1,0,0,0,0,0,1,0
619,0,0,0.32143754712239253,0,0,0.7810041314887518,0,1,0,1,0,1,0,0,1,0,0,0,0,0,0,0,0,0,0,1,0,0,1,0,0,0,0
620,0,0,0.33400351847197784,1,0,0.7990083811973341,0,1,0,0,1,0,1,0,1,0,0,0,0,0,0,0,0,0,0,1,0,0,1,0,0,0,0
621,1,0,0.5224930887157577,1,0,0.8717251047612857,0,0,1,0,0,1,0,0,1,0,0,0,0,0,0,0,0,0,0,1,0,0,0,1,0,0,0
622,1,0,0.24604171902488062,1,1,0.8038150886570068,0,1,0,0,1,0,1,0,1,0,0,0,0,0,0,0,0,0,0,1,0,0,1,0,0,0,0
623,0,0,0.2586076903744659,0,0,0.7646494521384078,0,1,0,0,1,1,0,0,1,0,0,0,0,0,0,0,0,0,0,1,0,0,1,0,0,0,0
624,0,0,0.2586076903744659,0,0,0.8050828979985807,0,1,0,0,1,1,0,0,1,0,0,0,0,0,0,0,0,0,0,1,0,0,1,0,0,0,0
625,0,0,0.7612465443578789,0,0,0.8443401990171246,0,0,1,0,0,1,0,0,1,0,0,0,0,0,0,0,0,0,0,1,0,0,0,1,0,0,0
626,0,0,0.7109826589595376,0,0,0.7901457292000206,0,1,0,1,0,0,0,1,0,0,0,0,1,0,0,0,0,0,0,1,0,0,1,0,0,0,0
627,1,1,0.2586076903744659,0,0,0.8939384535675653,0,0,1,0,0,1,0,0,0,1,0,0,0,0,0,0,0,0,0,1,0,0,0,1,0,0,0
628,0,0,0.32143754712239253,0,0,0.7649470285882525,0,1,0,0,1,1,0,0,1,0,0,0,0,0,0,0,0,0,0,1,0,0,1,0,0,0,0
629,0,0,0.36792055349407915,0,0,0.7637755892145943,1,1,0,0,1,0,0,1,1,0,0,0,0,0,0,0,0,0,0,1,0,0,1,0,0,0,0
630,1,0,1.0,0,0,0.840142698459674,0,0,1,0,0,1,0,0,1,0,0,0,0,0,0,0,0,0,0,1,1,0,0,0,0,0,0
631,0,0,0.6355868308620256,0,0,0.758597979609303,0,1,0,0,1,1,0,0,1,0,0,0,0,0,0,0,0,0,0,1,0,0,1,0,0,0,0
632,1,0,0.39683337521990447,0,0,0.8410738271345839,0,0,1,0,0,0,1,0,0,0,0,0,1,0,0,0,0,0,0,1,0,1,0,0,0,0,0
633,0,0,0.36792055349407915,0,0,0.0,1,1,1,0,0,1,0,0,1,0,0,0,0,0,0,0,0,0,0,1,0,0,1,0,0,0,0
634,0,1,0.10781603417944208,3,2,0.8360546460885896,0,1,0,0,1,1,0,0,0,1,0,0,0,0,0,0,0,0,0,1,0,0,1,0,0,0,0
635,1,1,0.3465694898215632,0,0,0.7930351818500888,0,1,0,1,0,1,0,0,0,1,0,0,0,0,0,0,0,0,0,1,0,0,1,0,0,0,0
636,0,0,0.39683337521990447,0,0,0.76515496937484,0,1,0,0,1,1,0,0,1,0,0,0,0,0,0,0,0,1,0,0,0,0,1,0,0,0,0
637,0,0,0.38426740387031916,1,1,0.8326206079439833,0,1,0,1,0,1,0,0,1,0,0,0,0,0,1,0,0,0,0,0,0,0,1,0,0,0,0
638,0,1,0.5099271173661724,0,5,0.855906584353367,0,1,0,0,1,1,0,0,0,0,1,0,0,0,0,0,0,0,0,1,0,0,1,0,0,0,0
639,0,0,0.36792055349407915,1,0,0.8050828979985807,1,1,0,0,1,1,0,0,1,0,0,0,0,0,0,0,0,0,0,1,0,0,1,0,0,0,0
640,0,0,0.24604171902488062,0,0,0.7646494521384078,0,1,0,0,1,1,0,0,1,0,0,0,0,0,0,0,0,0,0,1,0,0,1,0,0,0,0
641,1,1,0.2963056044232219,0,0,0.8873065328492483,0,0,1,0,0,0,1,0,0,0,0,0,1,1,0,0,0,0,0,0,0,1,0,0,0,0,0
642,0,1,0.01985423473234481,3,2,0.8360546460885896,0,1,0,0,1,1,0,0,0,1,0,0,0,0,0,0,0,0,0,1,0,0,1,0,0,0,0
643,1,0,0.36792055349407915,0,0,0.8757991079305424,1,1,0,0,1,1,0,0,1,0,0,0,0,0,0,0,0,0,0,1,0,0,1,0,0,0,0
644,1,1,0.004146770545363157,2,1,0.81517324521291,0,1,0,0,1,0,1,0,0,1,0,0,0,0,0,0,0,0,0,1,0,0,1,0,0,0,0
645,1,0,0.5978889168132696,1,0,0.8930432405082146,0,0,1,0,0,0,1,0,1,0,0,0,0,1,0,0,0,0,0,0,0,0,0,1,0,0,0
646,0,0,0.23347574767529528,0,0,0.7649470285882525,0,1,0,0,1,1,0,0,1,0,0,0,0,0,0,0,0,0,0,1,0,0,1,0,0,0,0
647,1,0,0.6984166876099522,0,0,0.8496253640206382,0,0,1,0,0,0,1,0,0,0,0,0,1,0,0,0,0,0,0,1,1,0,0,0,0,0,0
648,0,0,0.36792055349407915,0,0,0.7624242919096659,1,1,0,0,1,1,0,0,1,0,0,0,0,0,0,0,0,0,0,1,0,0,1,0,0,0,0
649,1,1,0.2837396330736366,0,0,0.7624242919096659,0,1,0,0,1,1,0,0,0,1,0,0,0,0,1,0,0,0,0,0,0,0,1,0,0,0,0
650,0,0,0.36792055349407915,0,0,0.7649470285882525,1,1,0,0,1,1,0,0,1,0,0,0,0,0,0,0,0,0,0,1,0,0,1,0,0,0,0
651,1,1,0.22090977632570996,0,1,0.8251751078931542,0,1,0,1,0,1,0,0,0,1,0,0,0,0,0,0,0,0,0,1,0,0,1,0,0,0,0
652,0,0,0.2586076903744659,0,0,0.7686568921906402,0,1,0,0,1,1,0,0,1,0,0,0,0,0,0,0,0,0,0,1,0,0,1,0,0,0,0
653,1,1,0.36792055349407915,0,0,0.7644698609886525,1,1,0,0,1,0,0,1,0,1,0,0,0,0,0,0,0,0,0,1,0,0,1,0,0,0,0
654,0,1,0.22090977632570996,0,0,0.7561148294648277,0,1,0,0,1,0,0,1,0,1,0,0,0,0,0,0,0,0,0,1,0,0,1,0,0,0,0
655,0,0,0.2963056044232219,2,0,0.8906211366609432,0,1,0,1,0,1,0,0,1,0,0,0,0,0,0,0,0,0,0,1,0,0,1,0,0,0,0
656,0,0,0.36792055349407915,0,0,0.7649470285882525,1,1,0,0,1,1,0,0,1,0,0,0,0,0,0,0,0,0,0,1,0,0,1,0,0,0,0
657,0,1,0.39683337521990447,1,1,0.8029434515577688,0,1,0,0,1,0,0,1,0,0,1,0,0,0,0,0,0,0,0,1,0,0,1,0,0,0,0
658,0,0,0.2837396330736366,0,0,0.7930351818500888,0,1,0,1,0,1,0,0,1,0,0,0,0,0,0,0,0,0,0,1,0,0,1,0,0,0,0
659,0,0,0.7235486303091229,0,2,0.9149865967100618,0,0,1,0,0,0,1,0,1,0,0,0,0,0,0,0,0,0,0,1,0,0,0,1,0,0,0
660,1,0,0.6230208595124404,2,0,0.9243042474963242,0,1,1,0,0,1,0,0,0,0,0,0,1,1,0,0,0,0,0,0,0,0,1,0,0,0,0
661,0,0,0.4973611460165871,0,0,0.7599456677989367,0,1,0,0,1,0,1,0,1,0,0,0,0,0,0,0,0,0,0,1,0,0,1,0,0,0,0
662,0,0,0.5853229454636844,0,0,0.831180647238295,0,0,1,0,0,1,0,0,1,0,0,0,0,0,0,0,0,0,0,1,0,0,0,0,1,0,0
663,0,0,0.4470972606182458,0,0,0.7620184371621062,0,1,0,0,1,1,0,0,1,0,0,0,0,0,0,0,0,0,0,1,0,0,1,0,0,0,0
664,1,0,0.24604171902488062,1,0,0.76515496937484,0,1,0,0,1,1,0,0,1,0,0,0,0,0,0,0,0,1,0,0,0,0,1,0,0,0,0
665,0,0,0.39683337521990447,2,0,0.8906211366609432,0,1,0,1,0,1,0,0,1,0,0,0,0,0,0,0,0,0,0,1,0,0,1,0,0,0,0
666,0,0,0.3088715757728072,0,0,0.7930351818500888,0,1,0,1,0,1,0,0,1,0,0,0,0,0,0,0,0,0,0,1,0,0,1,0,0,0,0
667,0,0,0.36792055349407915,0,0,0.7640785299499153,1,1,0,0,1,1,0,0,1,0,0,0,0,0,0,0,0,0,0,1,0,0,1,0,0,0,0
668,0,0,0.5350590600653431,0,0,0.7660365515354954,0,1,0,0,1,1,0,0,1,0,0,0,0,0,0,1,0,0,0,0,0,0,1,0,0,0,0
669,1,1,0.36792055349407915,1,0,0.8711279122546327,1,0,1,0,0,1,0,0,0,0,1,0,0,0,0,0,0,0,0,1,0,0,1,0,0,0,0
670,1,1,0.4973611460165871,1,1,0.8549222033519805,0,1,0,1,0,1,0,0,0,0,1,0,0,0,0,0,0,0,0,1,0,0,1,0,0,0,0
671,0,0,0.38426740387031916,1,0,0.8711279122546327,0,0,1,0,0,1,0,0,1,0,0,0,0,0,0,0,0,0,0,1,0,1,0,0,0,0,0
672,0,0,0.8743402865041467,0,0,0.7810041314887518,0,1,0,1,0,1,0,0,1,0,0,0,0,0,1,0,0,0,0,0,0,0,1,0,0,0,0
673,1,0,0.38426740387031916,0,0,0.7930351818500888,0,1,0,1,0,1,0,0,1,0,0,0,0,0,0,0,0,0,0,1,0,0,1,0,0,0,0
674,0,0,0.36792055349407915,0,0,0.0,1,1,0,1,0,1,0,0,1,0,0,0,0,0,0,0,0,0,0,1,0,0,1,0,0,0,0
675,0,0,0.22090977632570996,0,0,0.7640785299499153,0,1,0,0,1,1,0,0,1,0,0,0,0,0,0,0,0,0,0,1,0,0,1,0,0,0,0
676,0,0,0.3025885900980146,0,0,0.7660365515354954,0,1,0,0,1,1,0,0,1,0,0,0,0,0,0,0,0,0,0,1,0,0,1,0,0,0,0
677,1,1,0.22090977632570996,0,0,0.7773568171680663,0,1,0,0,1,1,0,0,0,1,0,0,0,0,0,0,0,0,0,1,0,0,1,0,0,0,0
678,0,1,0.5350590600653431,1,6,0.8653129818151835,0,1,0,0,1,1,0,0,0,0,1,0,0,0,1,0,0,0,0,0,0,0,1,0,0,0,0
679,1,0,0.4470972606182458,0,1,1.0,0,0,1,0,0,0,1,0,1,0,0,0,0,1,0,0,0,0,0,0,0,1,0,0,0,0,0
680,0,1,0.36792055349407915,0,0,0.7666455515348202,1,1,0,0,1,0,0,1,0,1,0,0,0,0,0,0,0,0,0,1,0,0,1,0,0,0,0
681,1,0,0.33400351847197784,0,0,0.8930432405082146,0,0,1,0,0,0,1,0,1,0,0,0,0,1,0,0,0,0,0,0,0,0,0,1,0,0,0
682,0,0,0.24604171902488062,0,0,0.7737115043563637,0,1,0,0,1,1,0,0,1,0,0,0,0,0,0,0,0,0,0,1,0,0,1,0,0,0,0
683,0,0,0.17064589092736868,5,2,0.8653129818151835,0,1,0,0,1,1,0,0,1,0,0,0,0,0,1,0,0,0,0,0,0,0,1,0,0,0,0
684,0,0,0.7486805730082935,1,1,0.8549222033519805,0,1,0,1,0,1,0,0,1,0,0,0,0,0,0,0,0,0,0,1,0,0,1,0,0,0,0
685,0,0,0.3088715757728072,1,2,0.8585296147223325,0,1,0,1,0,0,1,0,1,0,0,0,0,0,0,0,0,0,0,1,0,0,1,0,0,0,0
686,0,0,0.17064589092736868,4,1,0.855906584353367,0,1,0,0,1,1,0,0,1,0,0,0,0,0,0,0,0,0,0,1,0,0,1,0,0,0,0
687,0,0,0.23347574767529528,0,0,0.779209711205367,0,1,0,0,1,1,0,0,1,0,0,0,0,0,0,0,0,0,0,1,0,0,1,0,0,0,0
688,0,0,0.22090977632570996,0,0,0.7642290302744151,0,1,0,0,1,1,0,0,1,0,0,0,0,0,0,0,0,0,0,1,0,0,1,0,0,0,0
689,1,1,0.18321186227695402,0,1,0.9501173771093929,0,0,1,0,0,1,0,0,0,1,0,0,0,0,0,0,0,0,0,1,0,1,0,0,0,0,0
690,1,0,0.38426740387031916,1,0,0.8762996160863172,0,0,1,0,0,1,0,0,1,0,0,0,0,0,0,0,0,0,0,1,0,1,0,0,0,0,0
691,1,1,0.04498617743151546,0,1,0.7948125032062393,0,1,0,0,1,0,1,0,0,1,0,0,0,0,0,0,0,0,0,1,0,0,1,0,0,0,0
692,1,0,0.36792055349407915,0,0,0.8757991079305424,1,1,0,0,1,1,0,0,1,0,0,0,0,0,0,0,0,0,0,1,0,0,1,0,0,0,0
693,0,0,0.3088715757728072,0,0,0.7599456677989367,0,1,0,0,1,0,1,0,1,0,0,0,0,0,0,0,0,0,0,1,0,0,1,0,0,0,0
694,0,0,0.7486805730082935,0,0,0.8332607511911245,0,1,1,0,0,1,0,0,0,0,0,0,1,0,0,0,0,0,0,1,0,0,1,0,0,0,0
695,0,0,0.648152802211611,0,0,0.7951611691893368,0,1,0,1,0,1,0,0,1,0,0,0,0,0,0,0,0,0,0,1,0,0,1,0,0,0,0
696,0,0,0.5476250314149284,0,0,0.7660365515354954,0,1,0,0,1,1,0,0,1,0,0,0,0,0,0,0,0,0,0,1,0,0,1,0,0,0,0
697,1,1,0.36792055349407915,0,0,0.7637755892145943,1,1,0,0,1,0,0,1,0,1,0,0,0,0,0,0,0,0,0,1,0,0,1,0,0,0,0
698,0,0,0.610454888162855,1,1,0.9137844605829551,0,0,1,0,0,0,1,0,1,0,0,0,0,0,0,0,0,0,0,1,0,0,1,0,0,0,0
699,0,0,0.5224930887157577,0,0,0.7631655124295784,0,0,0,0,1,1,0,0,1,0,0,0,0,0,0,0,0,0,0,1,0,0,0,0,0,1,0
700,1,1,0.22090977632570996,1,0,0.9542748907879305,0,0,1,0,0,0,1,0,0,0,1,0,0,1,0,0,0,0,0,0,0,0,1,0,0,0,0
701,1,0,0.43453128926866047,0,0,0.8327010248019524,0,0,1,0,0,1,0,0,1,0,0,0,0,1,0,0,0,0,0,0,0,0,0,0,1,0,0
702,0,1,0.22090977632570996,0,1,0.7990083811973341,0,1,0,0,1,0,1,0,0,1,0,0,0,0,0,0,0,0,0,1,0,0,1,0,0,0,0
703,0,0,0.3088715757728072,0,0,0.7638367444211026,0,1,0,0,1,0,0,1,1,0,0,0,0,0,0,0,0,0,0,1,0,0,1,0,0,0,0
704,0,0,0.32143754712239253,1,0,0.7646494521384078,0,1,0,0,1,1,0,0,1,0,0,0,0,0,0,0,0,0,0,1,0,0,1,0,0,0,0
705,0,0,0.4847951746670017,0,0,0.832081541635825,0,1,0,1,0,1,0,0,1,0,0,0,0,0,0,0,0,0,0,1,0,0,1,0,0,0,0
706,1,1,0.5601910027645137,0,0,0.7951611691893368,0,1,0,1,0,1,0,0,0,0,1,0,0,0,0,0,0,0,0,1,0,0,1,0,0,0,0
707,1,0,0.5224930887157577,0,0,0.8327010248019524,0,0,1,0,0,1,0,0,1,0,0,0,0,1,0,0,0,0,0,0,0,0,0,0,1,0,0
708,1,1,0.2711736617240513,0,0,0.9313846841004707,0,1,1,0,0,1,0,0,0,1,0,0,0,0,0,0,0,0,0,1,0,0,1,0,0,0,0
709,1,0,0.36792055349407915,1,1,0.8020119476329426,1,1,0,0,1,0,1,0,0,0,0,1,0,0,0,0,0,0,0,1,0,0,1,0,0,0,0
710,1,1,0.2963056044232219,0,0,0.8683571545229595,0,0,1,0,0,0,1,0,0,0,0,0,1,1,0,0,0,0,0,0,0,0,1,0,0,0,0
711,0,0,0.36792055349407915,0,0,0.8332607511911245,1,0,1,0,0,1,0,0,1,0,0,0,0,0,0,0,0,0,0,1,0,0,1,0,0,0,0
712,1,0,0.5978889168132696,1,0,0.8711279122546327,0,0,1,0,0,1,0,0,1,0,0,0,0,0,0,0,0,0,0,1,0,0,1,0,0,0,0
713,0,0,0.35913546117114853,0,0,0.7752671208591818,0,1,0,0,1,1,0,0,1,0,0,0,0,0,0,0,0,0,0,1,0,0,1,0,0,0,0
714,0,0,0.648152802211611,0,0,0.7930351818500888,0,1,0,1,0,1,0,0,1,0,0,0,0,0,0,0,0,0,0,1,0,0,1,0,0,0,0
715,0,0,0.23347574767529528,0,0,0.7631655124295784,0,0,0,0,1,1,0,0,1,0,0,0,0,0,0,0,0,0,0,1,0,0,0,0,0,1,0
716,1,1,0.4722292033174164,0,0,0.9542748907879305,0,0,1,0,0,0,1,0,0,1,0,0,0,1,0,0,0,0,0,0,0,0,1,0,0,0,0
717,1,1,0.33400351847197784,0,0,0.7810041314887518,0,0,0,1,0,1,0,0,0,1,0,0,0,0,0,0,0,0,0,1,0,0,0,0,1,0,0
718,0,0,0.36792055349407915,0,0,0.8029434515577688,1,1,0,0,1,0,0,1,1,0,0,0,0,0,0,0,0,0,0,1,0,0,1,0,0,0,0
719,0,0,0.4093993465694898,0,0,0.7640785299499153,0,1,0,0,1,1,0,0,1,0,0,0,0,0,0,0,0,0,0,1,0,0,1,0,0,0,0
720,1,1,0.0701181201306861,0,1,0.845511711791962,0,1,0,1,0,1,0,0,0,1,0,0,0,0,0,0,0,0,0,1,0,0,1,0,0,0,0
721,0,0,0.20834380497612465,1,0,0.758597979609303,0,1,0,0,1,1,0,0,1,0,0,0,0,0,0,0,0,0,0,1,0,0,1,0,0,0,0
722,0,0,0.42196531791907516,0,0,0.7930351818500888,0,1,0,1,0,1,0,0,1,0,0,0,0,0,0,0,0,0,0,1,0,0,1,0,0,0,0
723,0,0,0.6230208595124404,0,0,0.7930351818500888,0,1,0,1,0,1,0,0,1,0,0,0,0,0,0,0,0,0,0,1,0,0,1,0,0,0,0
724,1,0,0.33400351847197784,1,0,0.8723071220343462,0,0,1,0,0,1,0,0,1,0,0,0,0,0,0,0,0,0,0,1,0,0,0,0,1,0,0
725,0,0,0.24604171902488062,0,0,0.7701674453945859,0,1,0,0,1,1,0,0,1,0,0,0,0,0,0,0,0,0,0,1,0,0,1,0,0,0,0
726,1,1,0.37170143252073384,3,0,0.8200504861158846,0,1,0,1,0,1,0,0,0,0,1,0,0,0,0,0,0,0,0,1,0,0,1,0,0,0,0
727,1,1,0.36792055349407915,0,0,0.7638061751167677,1,1,0,0,1,0,0,1,0,1,0,0,0,0,0,0,0,0,0,1,0,0,1,0,0,0,0
728,0,0,0.3088715757728072,1,0,0.832081541635825,0,1,0,1,0,1,0,0,1,0,0,0,0,0,0,0,0,0,0,1,0,0,1,0,0,0,0
729,0,1,0.3088715757728072,1,0,0.76515496937484,0,1,0,0,1,1,0,0,0,1,0,0,0,0,0,0,0,0,0,1,0,0,1,0,0,0,0
730,1,1,0.35913546117114853,0,0,0.9501173771093929,0,0,1,0,0,1,0,0,0,1,0,0,0,0,0,0,0,0,0,1,0,1,0,0,0,0,0
731,0,0,0.13294797687861273,0,0,0.8137790069349936,0,1,0,0,1,0,1,0,1,0,0,0,0,0,0,0,0,0,0,1,0,0,1,0,0,0,0
732,0,0,0.36792055349407915,0,0,0.0,1,1,0,1,0,1,0,0,1,0,0,0,0,0,0,0,0,0,0,1,0,0,1,0,0,0,0
733,0,0,0.2837396330736366,0,0,0.7930351818500888,0,1,0,1,0,1,0,0,1,0,0,0,0,0,0,0,0,0,0,1,0,0,1,0,0,0,0
734,0,0,0.2837396330736366,0,0,0.7930351818500888,0,1,0,1,0,1,0,0,1,0,0,0,0,0,0,0,0,0,0,1,0,0,1,0,0,0,0
735,0,0,0.35285247549635584,0,0,0.8050828979985807,0,1,0,0,1,1,0,0,1,0,0,0,0,0,0,0,0,0,0,1,0,0,1,0,0,0,0
736,0,1,0.5978889168132696,1,3,0.8478112965570442,0,1,0,0,1,1,0,0,0,0,1,0,0,0,0,0,0,0,1,0,0,0,1,0,0,0,0
737,1,0,0.43453128926866047,0,0,1.0,0,0,1,0,0,0,1,0,1,0,0,0,0,1,0,0,0,0,0,0,0,1,0,0,0,0,0
738,0,0,0.36792055349407915,0,0,0.7649470285882525,1,1,0,0,1,1,0,0,1,0,0,0,0,0,0,0,0,0,0,1,0,0,1,0,0,0,0
739,0,0,0.36792055349407915,0,0,0.7649470285882525,1,1,0,0,1,1,0,0,1,0,0,0,0,0,0,0,0,0,0,1,0,0,1,0,0,0,0
740,1,0,0.36792055349407915,0,0,0.840142698459674,1,0,1,0,0,1,0,0,1,0,0,0,0,0,0,0,0,0,0,1,0,0,0,1,0,0,0
741,0,0,0.4470972606182458,1,0,0.8945791313642054,0,0,1,0,0,1,0,0,1,0,0,0,0,0,0,0,0,0,0,1,0,0,1,0,0,0,0
742,1,1,0.2586076903744659,2,2,0.9623030290191524,0,0,1,0,0,0,1,0,0,1,0,0,0,1,0,0,0,0,0,0,0,1,0,0,0,0,0
743,0,0,0.2963056044232219,1,0,0.8050828979985807,0,1,0,0,1,1,0,0,1,0,0,0,0,0,0,0,0,0,0,1,0,0,1,0,0,0,0
744,1,0,0.38426740387031916,0,0,0.76515496937484,0,1,0,0,1,1,0,0,1,0,0,0,0,0,0,0,0,1,0,0,0,0,1,0,0,0,0
745,0,0,0.8743402865041467,1,1,0.888671737538438,0,0,1,0,0,1,0,0,0,0,0,0,1,0,0,0,0,0,0,1,0,1,0,0,0,0,0
746,0,0,0.19577783362653933,1,1,0.8180018242184116,0,1,0,0,1,1,0,0,1,0,0,0,0,0,1,0,0,0,0,0,0,0,1,0,0,0,0
747,1,1,0.37170143252073384,0,0,0.7930351818500888,0,1,0,1,0,1,0,0,0,1,0,0,0,0,0,0,0,0,0,1,0,0,1,0,0,0,0
748,0,0,0.23347574767529528,1,0,0.8723071220343462,0,0,1,0,0,1,0,0,1,0,0,0,0,0,0,0,0,0,0,1,0,0,0,1,0,0,0
749,0,0,0.38426740387031916,0,0,0.7638971064490874,0,1,0,0,1,0,0,1,1,0,0,0,0,0,0,0,0,0,0,1,0,0,1,0,0,0,0
750,1,1,0.04498617743151546,1,1,0.8251751078931542,0,1,0,1,0,1,0,0,0,1,0,0,0,0,0,0,0,0,0,1,0,0,1,0,0,0,0
751,1,0,0.0701181201306861,0,1,0.7907130247849486,0,0,0,0,1,1,0,0,0,0,0,1,0,0,0,0,0,0,0,1,0,0,0,0,1,0,0
752,0,0,0.4093993465694898,0,0,0.7753662336583621,0,1,0,0,1,1,0,0,1,0,0,0,0,0,0,0,0,0,0,1,0,0,1,0,0,0,0
753,0,0,0.2837396330736366,0,0,0.7649470285882525,0,1,0,0,1,1,0,0,1,0,0,0,0,0,0,0,0,0,0,1,0,0,1,0,0,0,0
754,1,1,0.5978889168132696,1,2,0.8836980372810677,0,1,0,1,0,1,0,0,0,0,1,0,0,0,0,0,0,0,0,1,0,0,1,0,0,0,0
755,1,0,0.0031414928373963316,1,1,0.7991865941630691,0,1,0,1,0,1,0,0,0,0,0,1,0,0,0,0,0,0,0,1,0,0,1,0,0,0,0
756,0,0,0.3465694898215632,0,0,0.7642290302744151,0,1,0,0,1,1,0,0,1,0,0,0,0,0,0,0,0,0,0,1,0,0,1,0,0,0,0
757,0,0,0.22090977632570996,0,0,0.7861287509334357,0,1,0,1,0,1,0,0,1,0,0,0,0,0,0,0,0,0,0,1,0,0,1,0,0,0,0
758,0,0,0.42196531791907516,0,0,0.7660365515354954,0,1,0,0,1,1,0,0,1,0,0,0,0,0,0,0,0,0,0,1,0,0,1,0,0,0,0
759,1,1,0.4093993465694898,0,0,0.8997953125332826,0,0,1,0,0,1,0,0,0,0,0,0,1,0,0,0,0,0,0,1,0,1,0,0,0,0,0
760,0,0,0.36792055349407915,0,0,0.7991865941630691,1,1,0,0,1,1,0,0,1,0,0,0,0,0,0,0,0,0,0,1,0,0,1,0,0,0,0
761,0,0,0.5099271173661724,0,0,0.7591605409102807,0,1,0,0,1,1,0,0,1,0,0,0,0,0,0,0,0,0,0,1,0,0,1,0,0,0,0
762,1,0,0.24604171902488062,0,0,0.7599784048811697,0,1,0,0,1,0,1,0,1,0,0,0,0,0,0,0,0,0,0,1,0,0,1,0,0,0,0
763,1,1,0.4470972606182458,1,2,0.9182354472804429,0,0,1,0,0,1,0,0,0,0,1,0,0,0,0,0,0,0,0,1,0,1,0,0,0,0,0
764,0,0,0.19577783362653933,0,0,0.7640785299499153,0,1,0,0,1,1,0,0,1,0,0,0,0,0,0,0,0,0,0,1,0,0,1,0,0,0,0
765,1,1,0.6355868308620256,1,0,0.8939384535675653,0,0,1,0,0,1,0,0,0,0,1,0,0,0,0,0,0,0,0,1,0,0,0,1,0,0,0
766,0,0,0.36792055349407915,0,0,0.8557822506920676,1,1,1,0,0,0,1,0,0,0,0,0,1,0,0,0,0,0,0,1,0,0,1,0,0,0,0
767,0,1,0.37798441819552653,0,0,0.7638971064490874,0,1,0,0,1,0,0,1,0,1,0,0,0,0,0,0,0,0,0,1,0,0,1,0,0,0,0
768,0,0,0.36792055349407915,1,0,0.8279235552738496,1,1,0,0,1,0,0,1,1,0,0,0,0,0,0,0,0,0,0,1,0,0,1,0,0,0,0
769,0,0,0.39683337521990447,0,0,0.768181972752145,0,1,0,0,1,1,0,0,1,0,0,0,0,0,0,0,0,0,0,1,0,0,1,0,0,0,0
770,0,0,0.2963056044232219,0,0,0.7753662336583621,0,1,0,0,1,1,0,0,1,0,0,0,0,0,0,0,0,0,0,1,0,0,1,0,0,0,0
771,0,0,0.5978889168132696,0,0,0.7646494521384078,0,1,0,0,1,1,0,0,1,0,0,0,0,0,0,0,0,0,0,1,0,0,1,0,0,0,0
772,0,1,0.7109826589595376,0,0,0.7810041314887518,0,0,0,1,0,1,0,0,0,0,1,0,0,0,0,0,0,0,0,1,0,0,0,0,1,0,0
773,0,0,0.36792055349407915,0,0,0.7599456677989367,1,1,0,0,1,0,1,0,1,0,0,0,0,0,0,0,0,0,0,1,0,0,1,0,0,0,0
774,1,1,0.6732847449107816,1,3,0.8251751078931542,0,1,0,1,0,1,0,0,0,0,1,0,0,0,0,0,0,0,0,1,0,0,1,0,0,0,0
775,0,0,0.22090977632570996,0,0,0.7638971064490874,0,1,0,0,1,1,0,0,1,0,0,0,0,0,0,0,0,0,0,1,0,0,1,0,0,0,0
776,0,0,0.36792055349407915,0,0,0.7638971064490874,1,0,0,0,1,0,0,1,1,0,0,0,0,0,0,0,0,0,0,1,0,0,0,0,0,1,0
777,1,1,0.05755214878110078,0,0,0.7907130247849486,0,1,0,0,1,1,0,0,0,1,0,0,0,0,0,0,0,0,0,1,0,0,1,0,0,0,0
778,0,0,0.36792055349407915,0,0,0.7638061751167677,1,1,0,0,1,0,0,1,1,0,0,0,0,0,0,0,0,0,0,1,0,0,1,0,0,0,0
779,1,1,0.5350590600653431,0,1,0.9501173771093929,0,0,1,0,0,1,0,0,0,0,1,0,0,0,0,0,0,0,0,1,0,1,0,0,0,0,0
780,1,1,0.15807991957778336,0,0,0.7599784048811697,0,1,0,0,1,0,1,0,0,1,0,0,0,0,0,0,0,0,0,1,0,0,1,0,0,0,0
781,1,1,0.20834380497612465,1,0,0.8762996160863172,0,0,1,0,0,1,0,0,0,0,1,0,0,0,0,0,0,0,0,1,0,1,0,0,0,0,0
782,0,0,0.35913546117114853,0,0,0.840142698459674,0,0,1,0,0,1,0,0,1,0,0,0,0,0,0,0,0,0,0,1,0,0,0,1,0,0,0
783,0,0,0.36792055349407915,1,2,0.8262666123743859,1,1,0,0,1,1,0,0,1,0,0,0,0,0,0,0,0,0,1,0,0,0,1,0,0,0,0
784,0,0,0.3088715757728072,0,0,0.7585644301475516,0,1,0,0,1,1,0,0,1,0,0,0,0,0,0,0,1,0,0,0,0,0,1,0,0,0,0
785,0,0,0.3088715757728072,0,0,0.7601402515608131,0,1,0,0,1,1,0,0,1,0,0,0,0,0,0,0,0,0,0,1,0,0,1,0,0,0,0
786,1,1,0.22090977632570996,0,0,0.7620184371621062,0,1,0,0,1,1,0,0,0,1,0,0,0,0,0,0,0,0,0,1,0,0,1,0,0,0,0
787,0,0,0.09525006282985675,4,1,0.8384752447421474,0,1,0,0,1,0,0,1,0,0,0,1,0,0,0,0,0,0,0,1,0,0,1,0,0,0,0
788,1,0,0.007288263382759489,1,2,0.8188987395685248,0,1,0,0,1,1,0,0,0,0,0,1,0,0,1,0,0,0,0,0,0,0,1,0,0,0,0
789,0,0,0.572756974114099,0,0,0.8948286250313257,0,0,1,0,0,0,1,0,1,0,0,0,0,1,0,0,0,0,0,0,0,1,0,0,0,0,0
790,0,0,0.36792055349407915,0,0,0.7638971064490874,1,1,0,0,1,0,0,1,1,0,0,0,0,0,0,0,0,0,0,1,0,0,1,0,0,0,0
791,0,0,0.19577783362653933,0,0,0.832081541635825,0,1,0,1,0,1,0,0,1,0,0,0,0,0,0,0,0,0,0,1,0,0,1,0,0,0,0
792,0,1,0.36792055349407915,8,2,0.8875093851130004,1,1,0,0,1,1,0,0,0,1,0,0,0,0,1,0,0,0,0,0,0,0,1,0,0,0,0
793,0,0,0.36792055349407915,0,0,0.8414343042824595,1,1,1,0,0,0,1,0,1,0,0,0,0,1,0,0,0,0,0,0,0,0,1,0,0,0,0
794,0,0,0.3088715757728072,0,0,0.7649470285882525,0,1,0,0,1,1,0,0,1,0,0,0,0,0,0,0,0,0,0,1,0,0,1,0,0,0,0
795,0,0,0.4847951746670017,0,0,0.7930351818500888,0,1,0,1,0,1,0,0,1,0,0,0,0,0,0,0,0,0,0,1,0,0,1,0,0,0,0
796,1,1,0.610454888162855,0,0,0.8319279360338192,0,0,1,0,0,1,0,0,0,0,0,0,1,0,0,0,0,0,0,1,0,0,0,1,0,0,0
797,1,1,0.38426740387031916,0,0,0.7703025449858447,0,1,0,0,1,1,0,0,0,0,1,0,0,0,0,0,0,0,0,1,0,0,1,0,0,0,0
798,0,0,0.37170143252073384,0,0,0.7599784048811697,0,1,0,0,1,0,1,0,1,0,0,0,0,0,0,0,0,0,0,1,0,0,1,0,0,0,0
799,0,1,0.37170143252073384,1,1,0.8279235552738496,0,1,0,0,1,1,0,0,0,0,1,0,0,0,0,0,0,0,0,1,0,0,1,0,0,0,0
800,0,0,0.42196531791907516,0,0,0.7930351818500888,0,1,0,1,0,1,0,0,1,0,0,0,0,0,0,0,0,0,0,1,0,0,1,0,0,0,0
801,1,1,0.38426740387031916,1,1,0.8326206079439833,0,1,0,1,0,1,0,0,0,0,1,0,0,0,1,0,0,0,0,0,0,0,1,0,0,0,0
802,1,0,0.13294797687861273,1,2,0.9182354472804429,0,0,1,0,0,1,0,0,0,0,0,1,0,0,0,0,0,0,0,1,0,1,0,0,0,0,0
803,1,0,0.0,0,1,0.7692112429767399,0,1,0,0,1,0,1,0,0,0,0,1,0,0,0,0,0,0,0,1,0,0,1,0,0,0,0
804,1,0,0.33400351847197784,0,0,0.7579619437568297,0,1,0,0,1,1,0,0,1,0,0,0,0,0,0,0,0,0,0,1,0,0,1,0,0,0,0
805,0,0,0.38426740387031916,0,0,0.7640785299499153,0,1,0,0,1,1,0,0,1,0,0,0,0,0,0,0,0,0,0,1,0,0,1,0,0,0,0
806,0,0,0.4847951746670017,0,0,0.0,0,0,1,0,0,1,0,0,1,0,0,0,0,0,0,0,0,0,0,1,1,0,0,0,0,0,0
807,0,1,0.22090977632570996,0,0,0.7640785299499153,0,1,0,0,1,1,0,0,0,1,0,0,0,0,0,0,0,0,0,1,0,0,1,0,0,0,0
808,0,0,0.4847951746670017,0,0,0.7930351818500888,0,1,0,1,0,1,0,0,1,0,0,0,0,0,0,0,0,0,0,1,0,0,1,0,0,0,0
809,1,1,0.4093993465694898,1,0,0.8723071220343462,0,0,1,0,0,1,0,0,0,0,1,0,0,0,0,0,0,0,0,1,0,0,0,0,1,0,0
810,0,0,0.32143754712239253,0,0,0.764887781761039,0,1,0,0,1,1,0,0,1,0,0,0,0,0,0,0,0,0,0,1,0,0,1,0,0,0,0
811,0,0,0.4847951746670017,0,0,0.8279235552738496,0,1,0,0,1,1,0,0,1,0,0,0,0,0,0,0,0,0,0,1,0,0,1,0,0,0,0
812,0,0,0.43453128926866047,0,0,0.7810041314887518,0,1,0,1,0,1,0,0,1,0,0,0,0,0,0,0,0,0,0,1,0,0,1,0,0,0,0
813,0,1,0.0701181201306861,4,2,0.8424873307421354,0,1,0,0,1,1,0,0,0,1,0,0,0,0,0,0,0,0,0,1,0,0,1,0,0,0,0
814,0,0,0.37798441819552653,0,0,0.7660365515354954,0,1,0,0,1,1,0,0,1,0,0,0,0,0,0,0,0,0,0,1,0,0,1,0,0,0,0
815,0,0,0.36792055349407915,0,0,0.0,1,0,1,0,0,1,0,0,1,0,0,0,0,0,0,0,0,0,0,1,0,1,0,0,0,0,0
816,0,1,0.2837396330736366,0,0,0.76515496937484,0,1,0,0,1,1,0,0,0,1,0,0,0,0,0,0,0,0,0,1,0,0,1,0,0,0,0
817,0,0,0.38426740387031916,1,1,0.8519630703195477,0,1,0,1,0,0,1,0,1,0,0,0,0,0,0,0,0,0,0,1,0,0,1,0,0,0,0
818,0,0,0.5350590600653431,0,0,0.7535538459404556,0,1,0,0,1,1,0,0,1,0,0,0,0,0,0,0,0,0,0,1,0,0,1,0,0,0,0
819,0,0,0.12038200552902739,3,2,0.8360546460885896,0,1,0,0,1,1,0,0,0,0,0,1,0,0,0,0,0,0,0,1,0,0,1,0,0,0,0
820,1,1,0.648152802211611,1,1,0.9041789021743605,0,0,1,0,0,1,0,0,0,0,1,0,0,0,0,0,0,0,0,1,0,1,0,0,0,0,0
821,1,0,0.33400351847197784,0,0,0.7701674453945859,0,1,0,0,1,1,0,0,1,0,0,0,0,0,0,0,0,0,0,1,0,0,1,0,0,0,0
822,0,0,0.4722292033174164,0,0,0.0,0,1,1,0,0,1,0,0,0,0,0,0,1,0,0,0,0,0,0,1,0,0,1,0,0,0,0
823,1,1,0.33400351847197784,0,1,0.7907130247849486,0,0,0,0,1,1,0,0,0,0,1,0,0,0,0,0,0,0,0,1,0,0,0,0,1,0,0
824,0,0,0.01985423473234481,4,1,0.855906584353367,0,1,0,0,1,1,0,0,0,0,0,1,0,0,0,0,0,0,0,1,0,0,1,0,0,0,0
825,0,0,0.36792055349407915,0,0,0.7577596744552104,1,1,0,0,1,0,0,1,1,0,0,0,0,0,0,0,0,0,0,1,0,0,1,0,0,0,0
826,0,0,0.36792055349407915,0,0,0.8757991079305424,1,1,0,0,1,1,0,0,1,0,0,0,0,0,0,0,0,0,0,1,0,0,1,0,0,0,0
827,1,0,0.007288263382759489,0,2,0.8519630703195477,0,1,0,1,0,0,1,0,0,0,0,1,0,0,0,0,0,0,0,1,0,0,1,0,0,0,0
828,1,0,0.36792055349407915,0,0,0.7638971064490874,1,1,0,0,1,0,0,1,1,0,0,0,0,0,0,0,0,0,0,1,0,0,1,0,0,0,0
829,1,1,0.7738125157074642,0,0,0.895394780689403,0,0,1,0,0,1,0,0,0,0,1,0,0,0,0,0,0,0,0,1,0,1,0,0,0,0,0
830,1,1,0.18321186227695402,1,0,0.7990083811973341,0,1,0,0,1,0,1,0,0,0,1,0,0,0,0,0,0,0,0,1,0,0,1,0,0,0,0
831,1,0,0.005152048253329982,1,1,0.8136664554672386,0,1,0,1,0,1,0,0,0,0,0,1,0,0,0,0,0,0,0,1,0,0,1,0,0,0,0
832,0,0,0.36792055349407915,0,0,0.7599784048811697,1,1,0,0,1,0,1,0,1,0,0,0,0,0,0,0,0,0,0,1,0,0,1,0,0,0,0
833,0,0,0.2837396330736366,0,0,0.7646494521384078,0,1,0,0,1,1,0,0,1,0,0,0,0,0,0,0,0,0,0,1,0,0,1,0,0,0,0
834,0,0,0.22090977632570996,0,0,0.7677593754718768,0,1,0,0,1,1,0,0,1,0,0,0,0,0,0,0,0,0,0,1,0,0,1,0,0,0,0
835,1,1,0.4847951746670017,1,1,0.8975759216594978,0,0,1,0,0,0,1,0,0,1,0,0,0,1,0,0,0,0,0,0,0,0,0,0,1,0,0
836,0,0,0.2586076903744659,0,0,0.7701674453945859,0,1,0,0,1,1,0,0,1,0,0,0,0,0,0,0,0,0,0,1,0,0,1,0,0,0,0
837,0,0,0.36792055349407915,0,0,0.7660365515354954,1,1,0,0,1,1,0,0,1,0,0,0,0,0,0,0,0,0,0,1,0,0,1,0,0,0,0
838,1,0,0.39683337521990447,0,0,0.8757991079305424,0,1,0,0,1,1,0,0,1,0,0,0,0,0,0,0,0,0,0,1,0,0,1,0,0,0,0
839,1,0,0.36792055349407915,0,0,0.8395765429201405,1,0,1,0,0,0,1,0,1,0,0,0,0,0,0,0,0,0,0,1,0,0,1,0,0,0,0
840,0,0,0.24604171902488062,0,0,0.76515496937484,0,1,0,0,1,1,0,0,1,0,0,0,0,0,0,0,0,0,0,1,0,0,1,0,0,0,0
841,0,0,0.19577783362653933,0,0,0.7810041314887518,0,1,0,1,0,1,0,0,1,0,0,0,0,0,0,0,0,0,0,1,0,0,1,0,0,0,0
842,1,1,0.37170143252073384,0,0,0.8419898148380434,0,1,1,0,0,0,1,0,0,1,0,0,0,0,0,0,0,0,0,1,0,0,1,0,0,0,0
843,0,0,0.4282483035938678,0,0,0.7534445696046083,0,1,0,0,1,0,1,0,1,0,0,0,0,0,0,0,0,0,0,1,0,0,1,0,0,0,0
844,0,0,0.20834380497612465,0,0,0.7701674453945859,0,1,0,0,1,1,0,0,1,0,0,0,0,0,0,0,0,0,0,1,0,0,1,0,0,0,0
845,0,0,0.5224930887157577,0,0,0.7624242919096659,0,1,0,0,1,1,0,0,1,0,0,0,0,0,1,0,0,0,0,0,0,0,1,0,0,0,0
846,0,0,0.36792055349407915,8,2,0.8875093851130004,1,1,0,0,1,1,0,0,1,0,0,0,0,0,1,0,0,0,0,0,0,0,1,0,0,0,0
847,0,0,0.43453128926866047,0,0,0.7649470285882525,0,1,0,0,1,0,1,0,1,0,0,0,0,0,0,0,0,0,0,1,0,0,1,0,0,0,0
848,0,0,0.3465694898215632,0,1,0.845511711791962,0,1,0,1,0,1,0,0,0,0,0,0,1,0,0,0,0,0,0,1,0,0,1,0,0,0,0
849,1,1,0.36792055349407915,1,0,0.9014662359841376,1,0,1,0,0,0,1,0,0,0,1,0,0,0,0,0,0,0,0,1,0,0,1,0,0,0,0
850,0,0,0.04498617743151546,4,2,0.8424873307421354,0,1,0,0,1,1,0,0,0,0,0,1,0,0,0,0,0,0,0,1,0,0,1,0,0,0,0
851,0,0,0.9246041719024881,0,0,0.7640785299499153,0,1,0,0,1,1,0,0,1,0,0,0,0,0,0,0,0,0,0,1,0,0,1,0,0,0,0
852,0,1,0.10781603417944208,1,1,0.8020119476329426,0,1,0,0,1,0,1,0,0,1,0,0,0,0,0,0,0,0,0,1,0,0,1,0,0,0,0
853,1,1,0.19577783362653933,0,1,0.8554970247327124,0,0,1,0,0,1,0,0,0,1,0,0,0,1,0,0,0,0,0,0,0,0,0,1,0,0,0
854,0,1,0.5476250314149284,1,0,0.832081541635825,0,1,0,1,0,1,0,0,0,0,1,0,0,0,0,0,0,0,0,1,0,0,1,0,0,0,0
855,1,1,0.22090977632570996,0,1,0.7744696848489568,0,1,0,0,1,1,0,0,0,0,1,0,0,0,0,0,0,0,0,1,0,0,1,0,0,0,0
856,1,1,0.5601910027645137,1,1,0.9361290603975834,0,1,1,0,0,1,0,0,0,0,1,0,0,0,0,0,0,0,0,1,0,0,1,0,0,0,0
857,1,0,0.6355868308620256,0,0,0.8332607511911245,0,0,1,0,0,1,0,0,1,0,0,0,0,0,0,0,0,0,0,1,0,0,0,0,1,0,0
858,1,1,0.2963056044232219,0,3,0.81517324521291,0,1,0,0,1,0,1,0,0,0,1,0,0,0,0,0,0,0,0,1,0,0,1,0,0,0,0
859,0,0,0.36792055349407915,0,0,0.7599784048811697,1,1,0,0,1,0,1,0,1,0,0,0,0,0,0,0,0,0,0,1,0,0,1,0,0,0,0
860,0,0,0.5099271173661724,2,0,0.7976439218520883,0,1,0,0,1,1,0,0,1,0,0,0,0,0,0,0,0,0,0,1,0,0,1,0,0,0,0
861,0,0,0.2586076903744659,1,0,0.7861287509334357,0,1,0,1,0,1,0,0,1,0,0,0,0,0,0,0,0,0,0,1,0,0,1,0,0,0,0
862,1,1,0.5978889168132696,0,0,0.8319279360338192,0,0,1,0,0,1,0,0,0,0,1,0,0,0,0,0,0,0,0,1,0,0,0,1,0,0,0
863,0,1,0.36792055349407915,8,2,0.8875093851130004,1,1,0,0,1,1,0,0,0,1,0,0,0,0,1,0,0,0,0,0,0,0,1,0,0,0,0
864,0,0,0.2963056044232219,0,0,0.7930351818500888,0,1,0,1,0,1,0,0,1,0,0,0,0,0,0,0,0,0,0,1,0,0,1,0,0,0,0
865,1,1,0.5224930887157577,0,0,0.7930351818500888,0,1,0,1,0,1,0,0,0,0,1,0,0,0,0,0,0,0,0,1,0,0,1,0,0,0,0
866,1,1,0.33400351847197784,1,0,0.7966367654375701,0,1,0,1,0,0,1,0,0,1,0,0,0,0,0,0,0,0,0,1,0,0,1,0,0,0,0
867,0,0,0.38426740387031916,0,0,0.8694743675560898,0,0,1,0,0,1,0,0,1,0,0,0,0,1,0,0,0,0,0,0,1,0,0,0,0,0,0
868,0,0,0.36792055349407915,0,0,0.7753662336583621,1,1,0,0,1,1,0,0,1,0,0,0,0,0,0,0,0,0,0,1,0,0,1,0,0,0,0
869,1,0,0.04498617743151546,1,1,0.7843032335272434,0,1,0,0,1,1,0,0,0,0,0,1,0,0,0,0,0,0,0,1,0,0,1,0,0,0,0
870,0,0,0.32143754712239253,0,0,0.7649470285882525,0,1,0,0,1,1,0,0,1,0,0,0,0,0,0,0,0,0,0,1,0,0,1,0,0,0,0
871,1,1,0.5853229454636844,1,1,0.8717251047612857,0,0,1,0,0,1,0,0,0,0,1,0,0,0,0,0,0,0,0,1,0,0,0,1,0,0,0
872,0,0,0.4093993465694898,0,0,0.7392093605042878,0,0,1,0,0,1,0,0,1,0,0,0,0,0,0,0,0,0,0,1,0,1,0,0,0,0,0
873,0,0,0.5853229454636844,0,0,0.7723205211148217,0,1,0,0,1,1,0,0,1,0,0,0,0,0,0,0,0,0,0,1,0,0,1,0,0,0,0
874,1,1,0.3465694898215632,1,0,0.8275725759609567,0,1,0,1,0,0,1,0,0,0,1,0,0,0,0,0,0,0,0,1,0,0,1,0,0,0,0
875,1,1,0.18321186227695402,0,0,0.7599456677989367,0,1,0,0,1,0,1,0,0,1,0,0,0,0,0,0,0,0,0,1,0,0,1,0,0,0,0
876,0,0,0.24604171902488062,0,0,0.7773802798783487,0,1,0,0,1,1,0,0,1,0,0,0,0,0,0,0,0,0,0,1,0,0,1,0,0,0,0
877,0,0,0.23347574767529528,0,0,0.7649470285882525,0,1,0,0,1,1,0,0,1,0,0,0,0,0,0,0,0,0,0,1,0,0,1,0,0,0,0
878,0,0,0.36792055349407915,0,0,0.7649470285882525,1,1,0,0,1,1,0,0,1,0,0,0,0,0,0,0,0,0,0,1,0,0,1,0,0,0,0
879,1,1,0.6984166876099522,0,1,0.8975759216594978,0,0,1,0,0,0,1,0,0,0,1,0,0,0,0,0,0,0,0,1,0,0,1,0,0,0,0
880,1,1,0.3088715757728072,0,1,0.832081541635825,0,1,0,1,0,1,0,0,0,0,1,0,0,0,0,0,0,0,0,1,0,0,1,0,0,0,0
881,0,0,0.4093993465694898,0,0,0.7649470285882525,0,1,0,0,1,1,0,0,1,0,0,0,0,0,0,0,0,0,0,1,0,0,1,0,0,0,0
882,0,1,0.2711736617240513,0,0,0.7810936549678464,0,1,0,0,1,1,0,0,0,1,0,0,0,0,0,0,0,0,0,1,0,0,1,0,0,0,0
883,0,0,0.3465694898215632,0,0,0.7810041314887518,0,1,0,1,0,1,0,0,1,0,0,0,0,0,0,0,0,0,0,1,0,0,1,0,0,0,0
884,0,0,0.3088715757728072,0,0,0.7585644301475516,0,1,0,0,1,1,0,0,1,0,0,0,0,0,0,0,1,0,0,0,0,0,1,0,0,0,0
885,0,1,0.4847951746670017,0,5,0.8384752447421474,0,1,0,0,1,0,0,1,0,0,1,0,0,0,0,0,0,0,0,1,0,0,1,0,0,0,0
886,0,0,0.33400351847197784,0,0,0.7930351818500888,0,1,0,1,0,1,0,0,0,0,0,0,1,0,0,0,0,0,0,1,0,0,1,0,0,0,0
887,1,1,0.23347574767529528,0,0,0.840142698459674,0,0,1,0,0,1,0,0,0,1,0,0,0,0,0,0,0,0,0,1,0,1,0,0,0,0,0
888,0,1,0.36792055349407915,1,2,0.8262666123743859,1,1,0,0,1,1,0,0,0,1,0,0,0,0,0,0,0,0,1,0,0,0,1,0,0,0,0
889,1,0,0.32143754712239253,0,0,0.840142698459674,0,0,1,0,0,0,1,0,1,0,0,0,0,0,0,0,0,0,0,1,0,0,1,0,0,0,0
890,0,0,0.39683337521990447,0,0,0.7638971064490874,0,1,0,0,1,0,0,1,1,0,0,0,0,0,0,0,0,0,0,1,0,0,1,0,0,0,0
